,Iteration,Time,Fitness,Temperature,max_iters
0,0,8.675999924889766e-05,55891.0,1000,1901
1,1,0.0005465260001074057,55616.0,1000,1901
2,2,0.004907034999632742,56329.0,1000,1901
3,3,0.005012924999391544,56288.0,1000,1901
4,4,0.0051152719988749595,55976.0,1000,1901
5,5,0.0052153269989503315,55766.0,1000,1901
6,6,0.005314115000146558,55136.0,1000,1901
7,7,0.005413151999164256,55148.0,1000,1901
8,8,0.005524701000467758,54928.0,1000,1901
9,9,0.005645990999255446,54778.0,1000,1901
10,10,0.005742870000176481,54848.0,1000,1901
11,11,0.005833474999235477,54855.0,1000,1901
12,12,0.005924330000198097,55258.0,1000,1901
13,13,0.0060162409990880406,55909.0,1000,1901
14,14,0.006107155999416136,55846.0,1000,1901
15,15,0.0062046809998719255,57050.0,1000,1901
16,16,0.006295490999036701,56993.0,1000,1901
17,17,0.006394280999302282,56993.0,1000,1901
18,18,0.00647003399899404,56552.0,1000,1901
19,19,0.006568077000338235,56448.0,1000,1901
20,20,0.006666785000561504,57162.0,1000,1901
21,21,0.00675826800033974,57264.0,1000,1901
22,22,0.006848171000456205,57264.0,1000,1901
23,23,0.006923160999576794,56539.0,1000,1901
24,24,0.007020154998826911,57025.0,1000,1901
25,25,0.007110182999895187,57025.0,1000,1901
26,26,0.007187511999291019,56689.0,1000,1901
27,27,0.007285059000423644,56913.0,1000,1901
28,28,0.007375807999778772,56713.0,1000,1901
29,29,0.007490993999454076,58057.0,1000,1901
30,30,0.007583456999782356,58057.0,1000,1901
31,31,0.007660745999601204,58057.0,1000,1901
32,32,0.00773945599939907,58007.0,1000,1901
33,33,0.007838172999981907,57993.0,1000,1901
34,34,0.007937689999380382,58383.0,1000,1901
35,35,0.008029463999264408,58943.0,1000,1901
36,36,0.008122319999529282,59008.0,1000,1901
37,37,0.008214069999667117,59054.0,1000,1901
38,38,0.008304461000079755,58522.0,1000,1901
39,39,0.008402247000049101,58102.0,1000,1901
40,40,0.008499972998833982,58102.0,1000,1901
41,41,0.0085783310005354,58102.0,1000,1901
42,42,0.00865531599993119,58179.0,1000,1901
43,43,0.00874798400036525,58179.0,1000,1901
44,44,0.00882538899895735,58695.0,1000,1901
45,45,0.008917654000470066,58695.0,1000,1901
46,46,0.008995689000585116,58695.0,1000,1901
47,47,0.0090745359993889,58716.0,1000,1901
48,48,0.009169982000457821,58772.0,1000,1901
49,49,0.009263628000553581,59292.0,1000,1901
50,50,0.009357294999063015,59553.0,1000,1901
51,51,0.009451415000512497,59553.0,1000,1901
52,52,0.009557916999256122,59393.0,1000,1901
53,53,0.009660218000135501,58105.0,1000,1901
54,54,0.009760875998836127,58200.0,1000,1901
55,55,0.00985593599943968,58178.0,1000,1901
56,56,0.009955003999493783,57221.0,1000,1901
57,57,0.01005544799954805,57032.0,1000,1901
58,58,0.010155936999581172,57725.0,1000,1901
59,59,0.010251105999486754,57755.0,1000,1901
60,60,0.010345028000301681,57986.0,1000,1901
61,61,0.010439460998895811,58226.0,1000,1901
62,62,0.010533013999520335,58226.0,1000,1901
63,63,0.010611548999804654,58644.0,1000,1901
64,64,0.010728633000326226,58600.0,1000,1901
65,65,0.010828677999597858,58396.0,1000,1901
66,66,0.01092904799952521,58054.0,1000,1901
67,67,0.011028318000171566,57574.0,1000,1901
68,68,0.01112858399937977,57442.0,1000,1901
69,69,0.011227396000322187,57992.0,1000,1901
70,70,0.011320620998958475,57836.0,1000,1901
71,71,0.011418799998864415,57920.0,1000,1901
72,72,0.011512676999700489,58956.0,1000,1901
73,73,0.011608990000240738,58964.0,1000,1901
74,74,0.011702363999575027,58958.0,1000,1901
75,75,0.011800827000115532,59981.0,1000,1901
76,76,0.0118946769998729,60319.0,1000,1901
77,77,0.011988067999482155,60355.0,1000,1901
78,78,0.012082348999683745,60611.0,1000,1901
79,79,0.012176229000033345,60611.0,1000,1901
80,80,0.012256399999387213,60755.0,1000,1901
81,81,0.012354747999779647,60853.0,1000,1901
82,82,0.01245134400051029,60739.0,1000,1901
83,83,0.012568829999509035,61064.0,1000,1901
84,84,0.012667070999668795,61029.0,1000,1901
85,85,0.012769380999088753,60431.0,1000,1901
86,86,0.012872065999545157,60431.0,1000,1901
87,87,0.012952646000485402,60207.0,1000,1901
88,88,0.013056039999355562,60305.0,1000,1901
89,89,0.013154727999790339,60305.0,1000,1901
90,90,0.013236482000138494,61361.0,1000,1901
91,91,0.013334260000192444,61361.0,1000,1901
92,92,0.013416833999144728,60865.0,1000,1901
93,93,0.013529095998819685,60865.0,1000,1901
94,94,0.013611763999506366,60796.0,1000,1901
95,95,0.013715113998841844,61436.0,1000,1901
96,96,0.013812903000143706,61311.0,1000,1901
97,97,0.013935119999587187,61336.0,1000,1901
98,98,0.014033068000571802,62194.0,1000,1901
99,99,0.014128466998954536,62180.0,1000,1901
100,100,0.014230359000066528,62680.0,1000,1901
101,101,0.01432656799988763,62988.0,1000,1901
102,102,0.019287863000499783,62876.0,1000,1901
103,103,0.019410954999329988,62536.0,1000,1901
104,104,0.01952057199923729,63856.0,1000,1901
105,105,0.01962369399916497,63856.0,1000,1901
106,106,0.019709358999534743,63724.0,1000,1901
107,107,0.019821066000076826,63724.0,1000,1901
108,108,0.019907191999664064,63854.0,1000,1901
109,109,0.02000780599883001,64253.0,1000,1901
110,110,0.02010735600015323,64001.0,1000,1901
111,111,0.020211458999256138,64381.0,1000,1901
112,112,0.020310472000346635,64959.0,1000,1901
113,113,0.020410306999110617,64497.0,1000,1901
114,114,0.02051640399986354,64421.0,1000,1901
115,115,0.020621952000510646,64421.0,1000,1901
116,116,0.020706047000203398,64799.0,1000,1901
117,117,0.020807734999834793,65217.0,1000,1901
118,118,0.020928477999405004,65817.0,1000,1901
119,119,0.021027569000580115,65817.0,1000,1901
120,120,0.021111293999638292,66409.0,1000,1901
121,121,0.02121141299903684,66409.0,1000,1901
122,122,0.021295255999575602,66409.0,1000,1901
123,123,0.021380191999924136,66869.0,1000,1901
124,124,0.021480532999703428,66869.0,1000,1901
125,125,0.02157818799969391,66187.0,1000,1901
126,126,0.02168428299955849,65887.0,1000,1901
127,127,0.021791469000163488,66496.0,1000,1901
128,128,0.02189157599968894,66616.0,1000,1901
129,129,0.021990617000483326,66412.0,1000,1901
130,130,0.02209550199950172,66562.0,1000,1901
131,131,0.02219585700004245,66976.0,1000,1901
132,132,0.022295497999948566,67228.0,1000,1901
133,133,0.02239628799907223,67228.0,1000,1901
134,134,0.022481750000224565,67092.0,1000,1901
135,135,0.022589549000258557,66585.0,1000,1901
136,136,0.02271547000054852,66601.0,1000,1901
137,137,0.022820936999778496,67558.0,1000,1901
138,138,0.02292281500012905,67447.0,1000,1901
139,139,0.02303067100001499,67381.0,1000,1901
140,140,0.02313811000021815,67381.0,1000,1901
141,141,0.023225380000440055,67381.0,1000,1901
142,142,0.023312690998864127,67381.0,1000,1901
143,143,0.023399542998959078,67381.0,1000,1901
144,144,0.023486670999773196,67626.0,1000,1901
145,145,0.02358963699953165,67626.0,1000,1901
146,146,0.02367689899983816,67941.0,1000,1901
147,147,0.02378129600037937,68711.0,1000,1901
148,148,0.023883534000560758,68681.0,1000,1901
149,149,0.02399482600048941,67823.0,1000,1901
150,150,0.02410392999991018,67823.0,1000,1901
151,151,0.02419104500040703,67809.0,1000,1901
152,152,0.024300799999764422,67869.0,1000,1901
153,153,0.024404964999121148,67659.0,1000,1901
154,154,0.02451360899976862,68296.0,1000,1901
155,155,0.024616909000542364,68341.0,1000,1901
156,156,0.024718648999623838,68773.0,1000,1901
157,157,0.024819846999889705,68766.0,1000,1901
158,158,0.024927803000537097,68332.0,1000,1901
159,159,0.025038838999535074,68332.0,1000,1901
160,160,0.025127532999249524,68365.0,1000,1901
161,161,0.025232968999262084,68359.0,1000,1901
162,162,0.025343690998852253,68503.0,1000,1901
163,163,0.02544645799935097,68813.0,1000,1901
164,164,0.025577749000149197,68813.0,1000,1901
165,165,0.02566757500062522,68723.0,1000,1901
166,166,0.02577857899996161,68723.0,1000,1901
167,167,0.02586863199940126,69323.0,1000,1901
168,168,0.025985328000388108,69323.0,1000,1901
169,169,0.02608285399946908,70155.0,1000,1901
170,170,0.02618832799998927,70215.0,1000,1901
171,171,0.02629181299926131,70539.0,1000,1901
172,172,0.026395438999315957,70571.0,1000,1901
173,173,0.026499812000110978,70411.0,1000,1901
174,174,0.02661152300061076,70411.0,1000,1901
175,175,0.026701191000029212,70411.0,1000,1901
176,176,0.026791536000018823,70411.0,1000,1901
177,177,0.026881976000368013,70467.0,1000,1901
178,178,0.026987977000317187,70467.0,1000,1901
179,179,0.02707813699998951,70731.0,1000,1901
180,180,0.027184792999833007,70599.0,1000,1901
181,181,0.027294342000459437,70731.0,1000,1901
182,182,0.027399032000175794,70315.0,1000,1901
183,183,0.027509694000400486,70315.0,1000,1901
184,184,0.02760056499937491,70183.0,1000,1901
185,185,0.027720681000573677,70183.0,1000,1901
186,186,0.02781964399946446,70183.0,1000,1901
187,187,0.027910500999496435,70183.0,1000,1901
188,188,0.028002429999105516,70905.0,1000,1901
189,189,0.028109348999350914,71016.0,1000,1901
190,190,0.028215807999004028,71024.0,1000,1901
191,191,0.028322121999735828,71022.0,1000,1901
192,192,0.028434075000404846,70994.0,1000,1901
193,193,0.028546880999783752,70994.0,1000,1901
194,194,0.028638791000048514,71159.0,1000,1901
195,195,0.028747405000103754,71599.0,1000,1901
196,196,0.028853685998910805,71555.0,1000,1901
197,197,0.028966460000447114,71259.0,1000,1901
198,198,0.029080250000333763,71259.0,1000,1901
199,199,0.029172266000387026,70783.0,1000,1901
200,200,0.02928656899894122,70812.0,1000,1901
201,201,0.029394121000223095,71154.0,1000,1901
202,202,0.03545787599978212,71154.0,1000,1901
203,203,0.03556947799916088,71154.0,1000,1901
204,204,0.03566900700025144,71187.0,1000,1901
205,205,0.03578074699908029,71363.0,1000,1901
206,206,0.03589097099938954,71363.0,1000,1901
207,207,0.035985213000458316,71363.0,1000,1901
208,208,0.0360798870005965,71363.0,1000,1901
209,209,0.036185502000080305,71363.0,1000,1901
210,210,0.03628906199992343,71727.0,1000,1901
211,211,0.03639951200057112,71727.0,1000,1901
212,212,0.03649344199948246,71727.0,1000,1901
213,213,0.036586829999578185,72357.0,1000,1901
214,214,0.036696277998998994,72189.0,1000,1901
215,215,0.036811639000006835,72098.0,1000,1901
216,216,0.0369263709999359,71482.0,1000,1901
217,217,0.037040842000351404,71748.0,1000,1901
218,218,0.03714906099958171,72063.0,1000,1901
219,219,0.037258551999912015,72063.0,1000,1901
220,220,0.037351601999034756,73647.0,1000,1901
221,221,0.037459986999238026,73386.0,1000,1901
222,222,0.03758777799885138,73386.0,1000,1901
223,223,0.03768259900061821,73419.0,1000,1901
224,224,0.037793104000229505,73419.0,1000,1901
225,225,0.03790098500030581,74569.0,1000,1901
226,226,0.038015771000573295,74491.0,1000,1901
227,227,0.0381305329992756,75011.0,1000,1901
228,228,0.038240116999077145,75151.0,1000,1901
229,229,0.03834835099951306,75211.0,1000,1901
230,230,0.03845702400030859,75211.0,1000,1901
231,231,0.038551706998987356,75307.0,1000,1901
232,232,0.03867141699993226,75309.0,1000,1901
233,233,0.038783988000432146,75309.0,1000,1901
234,234,0.03889064099894313,75309.0,1000,1901
235,235,0.03898508599922934,75434.0,1000,1901
236,236,0.03909546599970781,75434.0,1000,1901
237,237,0.039190430999951786,75392.0,1000,1901
238,238,0.03930757200032531,75330.0,1000,1901
239,239,0.039423918000466074,75330.0,1000,1901
240,240,0.039518036999652395,75650.0,1000,1901
241,241,0.03963478500008932,76082.0,1000,1901
242,242,0.03975732599974435,76082.0,1000,1901
243,243,0.039862239000285626,76082.0,1000,1901
244,244,0.039968442999452236,76148.0,1000,1901
245,245,0.04010159199970076,76148.0,1000,1901
246,246,0.040212108000559965,76148.0,1000,1901
247,247,0.040310168000360136,76148.0,1000,1901
248,248,0.04040471000007528,75924.0,1000,1901
249,249,0.04052220300036424,76014.0,1000,1901
250,250,0.04063523500008159,76014.0,1000,1901
251,251,0.04073089299890853,76014.0,1000,1901
252,252,0.04082692900010443,76014.0,1000,1901
253,253,0.04092110599958687,76498.0,1000,1901
254,254,0.04103466800006572,76498.0,1000,1901
255,255,0.04113149200020416,76498.0,1000,1901
256,256,0.041225392000342254,76270.0,1000,1901
257,257,0.04136486599963973,76125.0,1000,1901
258,258,0.0414835329993366,76125.0,1000,1901
259,259,0.041605778998928145,76455.0,1000,1901
260,260,0.04171754500021052,76427.0,1000,1901
261,261,0.04183616800037271,76427.0,1000,1901
262,262,0.04193339899939019,76427.0,1000,1901
263,263,0.04202875599912659,76427.0,1000,1901
264,264,0.04212544700021681,76463.0,1000,1901
265,265,0.04223900800025149,76939.0,1000,1901
266,266,0.04235223499927088,76939.0,1000,1901
267,267,0.04244539600040298,76939.0,1000,1901
268,268,0.042542909999610856,76939.0,1000,1901
269,269,0.04264061699905142,76736.0,1000,1901
270,270,0.04276170099910814,76736.0,1000,1901
271,271,0.04286060499907762,77297.0,1000,1901
272,272,0.04298851099883905,77297.0,1000,1901
273,273,0.043089708999104914,77297.0,1000,1901
274,274,0.04318856899953971,76952.0,1000,1901
275,275,0.04330908299925795,76952.0,1000,1901
276,276,0.04340796999895247,77127.0,1000,1901
277,277,0.04352293199917767,77127.0,1000,1901
278,278,0.04362082799889322,77151.0,1000,1901
279,279,0.04373545399903378,77277.0,1000,1901
280,280,0.04384890999972413,77277.0,1000,1901
281,281,0.043946698999207,77277.0,1000,1901
282,282,0.0440452210004878,77618.0,1000,1901
283,283,0.04415881000022637,77618.0,1000,1901
284,284,0.04425677399922279,77162.0,1000,1901
285,285,0.04437632400004077,76940.0,1000,1901
286,286,0.04449621200001275,76590.0,1000,1901
287,287,0.04461547599930782,76590.0,1000,1901
288,288,0.04471442499925615,76590.0,1000,1901
289,289,0.04481404999933147,77052.0,1000,1901
290,290,0.044930279000254814,76766.0,1000,1901
291,291,0.04505129300014232,76766.0,1000,1901
292,292,0.04515182199975243,76689.0,1000,1901
293,293,0.04527330400014762,76647.0,1000,1901
294,294,0.04539294799906202,76647.0,1000,1901
295,295,0.04549964999932854,76692.0,1000,1901
296,296,0.04561708499932138,76896.0,1000,1901
297,297,0.04573096700005408,77148.0,1000,1901
298,298,0.045844897998904344,77148.0,1000,1901
299,299,0.045941407999634976,77364.0,1000,1901
300,300,0.04605751000053715,77452.0,1000,1901
301,301,0.04617145199881634,77452.0,1000,1901
302,302,0.05231912399904104,77417.0,1000,1901
303,303,0.05246093300047505,77452.0,1000,1901
304,304,0.05258319600034156,77452.0,1000,1901
305,305,0.05268721199900028,77452.0,1000,1901
306,306,0.05278864299907582,77452.0,1000,1901
307,307,0.05289137500039942,77452.0,1000,1901
308,308,0.05299288499918475,77452.0,1000,1901
309,309,0.05310843400002341,77452.0,1000,1901
310,310,0.05322166800033301,77452.0,1000,1901
311,311,0.053325847000451176,77452.0,1000,1901
312,312,0.053428209999765386,77452.0,1000,1901
313,313,0.05354147800062492,77452.0,1000,1901
314,314,0.05364269100027741,77452.0,1000,1901
315,315,0.05374259800009895,77452.0,1000,1901
316,316,0.05384532300013234,77244.0,1000,1901
317,317,0.05396975999974529,77244.0,1000,1901
318,318,0.0540693109996937,77244.0,1000,1901
319,319,0.054171530000530765,77244.0,1000,1901
320,320,0.05426989700026752,76594.0,1000,1901
321,321,0.05439280499922461,76554.0,1000,1901
322,322,0.05451651200019114,76623.0,1000,1901
323,323,0.05463380000037432,76909.0,1000,1901
324,324,0.054750248998971074,76909.0,1000,1901
325,325,0.054851271999723394,76903.0,1000,1901
326,326,0.054975549999653595,76903.0,1000,1901
327,327,0.055075213000236545,76903.0,1000,1901
328,328,0.0551777509990643,76903.0,1000,1901
329,329,0.05528026200045133,76657.0,1000,1901
330,330,0.055404398999598925,76657.0,1000,1901
331,331,0.05550815300011891,76657.0,1000,1901
332,332,0.05561157500051195,76657.0,1000,1901
333,333,0.0557139049997204,76657.0,1000,1901
334,334,0.05581649699888658,76657.0,1000,1901
335,335,0.055918529998962185,76657.0,1000,1901
336,336,0.056021136999333976,76657.0,1000,1901
337,337,0.056124329999875044,76228.0,1000,1901
338,338,0.05624869699931878,76249.0,1000,1901
339,339,0.05636704000062309,76249.0,1000,1901
340,340,0.05647038399911253,76249.0,1000,1901
341,341,0.056594564999613794,76249.0,1000,1901
342,342,0.0566981809988647,76258.0,1000,1901
343,343,0.05681791200004227,76856.0,1000,1901
344,344,0.05693707200043718,76968.0,1000,1901
345,345,0.0570560199994361,76968.0,1000,1901
346,346,0.057159609999871464,76968.0,1000,1901
347,347,0.057260772000518045,76968.0,1000,1901
348,348,0.057365512000615126,76968.0,1000,1901
349,349,0.057470685000225785,76968.0,1000,1901
350,350,0.05760276999899361,76968.0,1000,1901
351,351,0.05770746199959831,76840.0,1000,1901
352,352,0.05783282499942288,77036.0,1000,1901
353,353,0.05795373000000836,76721.0,1000,1901
354,354,0.058079057998838834,76889.0,1000,1901
355,355,0.05821420299980673,77117.0,1000,1901
356,356,0.05833571699986351,77117.0,1000,1901
357,357,0.05843746299979102,77117.0,1000,1901
358,358,0.058543228999042185,77117.0,1000,1901
359,359,0.05864880999979505,77117.0,1000,1901
360,360,0.058750050000526244,77333.0,1000,1901
361,361,0.05886989399914455,77333.0,1000,1901
362,362,0.05897106799966423,77213.0,1000,1901
363,363,0.059097815999848535,77206.0,1000,1901
364,364,0.059223385998848244,77206.0,1000,1901
365,365,0.05932765800025663,77216.0,1000,1901
366,366,0.059448199999678764,77214.0,1000,1901
367,367,0.059571895999397384,77214.0,1000,1901
368,368,0.05967709700053092,77214.0,1000,1901
369,369,0.05978268000035314,77214.0,1000,1901
370,370,0.05988797200006957,76962.0,1000,1901
371,371,0.060014782000507694,76863.0,1000,1901
372,372,0.060141207999549806,76863.0,1000,1901
373,373,0.06024720899949898,76863.0,1000,1901
374,374,0.06035306599915202,77031.0,1000,1901
375,375,0.06047384199882799,77031.0,1000,1901
376,376,0.06057913199947507,77065.0,1000,1901
377,377,0.06070094899951073,77065.0,1000,1901
378,378,0.06080641299922718,77065.0,1000,1901
379,379,0.06091398799981107,77065.0,1000,1901
380,380,0.06102073200054292,77065.0,1000,1901
381,381,0.06112648700036516,76845.0,1000,1901
382,382,0.0612535559994285,77133.0,1000,1901
383,383,0.061375781000606366,77133.0,1000,1901
384,384,0.06148250799924426,77133.0,1000,1901
385,385,0.061594163000336266,77122.0,1000,1901
386,386,0.06174346700026945,77473.0,1000,1901
387,387,0.06186659100058023,77539.0,1000,1901
388,388,0.06198942999981227,77539.0,1000,1901
389,389,0.062096241999825,77539.0,1000,1901
390,390,0.0622037069988437,77539.0,1000,1901
391,391,0.062311083000167855,77539.0,1000,1901
392,392,0.06241798200062476,77542.0,1000,1901
393,393,0.06253990799996245,77542.0,1000,1901
394,394,0.06264633499995398,77542.0,1000,1901
395,395,0.062755004999417,77542.0,1000,1901
396,396,0.06286349199945107,77542.0,1000,1901
397,397,0.06296913000005588,77542.0,1000,1901
398,398,0.06307686699983606,77542.0,1000,1901
399,399,0.06318408799961617,77542.0,1000,1901
400,400,0.06330673599950387,77542.0,1000,1901
401,401,0.0634178559994325,77892.0,1000,1901
402,402,0.07010712999908719,77892.0,1000,1901
403,403,0.0702341289998003,77892.0,1000,1901
404,404,0.0703461299999617,77892.0,1000,1901
405,405,0.07045836599900213,77842.0,1000,1901
406,406,0.07059272100013914,77842.0,1000,1901
407,407,0.07070066400046926,77842.0,1000,1901
408,408,0.07080674700046075,77842.0,1000,1901
409,409,0.07091604100060067,77809.0,1000,1901
410,410,0.07104784100010875,77809.0,1000,1901
411,411,0.07115741099914885,77809.0,1000,1901
412,412,0.0712637859996903,77956.0,1000,1901
413,413,0.07138988299993798,77935.0,1000,1901
414,414,0.07151976000022842,77935.0,1000,1901
415,415,0.07162906099983957,77929.0,1000,1901
416,416,0.07175995800025703,77929.0,1000,1901
417,417,0.07189029499932076,77929.0,1000,1901
418,418,0.07199957100056054,77825.0,1000,1901
419,419,0.0721307629992225,77891.0,1000,1901
420,420,0.07225683300021046,77891.0,1000,1901
421,421,0.07236632199965243,77891.0,1000,1901
422,422,0.07247644100061734,77891.0,1000,1901
423,423,0.07258601799912867,77909.0,1000,1901
424,424,0.07271150099950319,77909.0,1000,1901
425,425,0.07282164099888178,77909.0,1000,1901
426,426,0.07293138800014276,77909.0,1000,1901
427,427,0.07304036999994423,77909.0,1000,1901
428,428,0.07314711599974544,77909.0,1000,1901
429,429,0.07325560999925074,77909.0,1000,1901
430,430,0.07336496199968678,77909.0,1000,1901
431,431,0.0735079530004441,78189.0,1000,1901
432,432,0.07364557099936064,78140.0,1000,1901
433,433,0.07377740099946095,78140.0,1000,1901
434,434,0.07388602100036223,78140.0,1000,1901
435,435,0.07399647300007928,78140.0,1000,1901
436,436,0.0741067369999655,78224.0,1000,1901
437,437,0.07423312500031898,78224.0,1000,1901
438,438,0.07434319099957065,78584.0,1000,1901
439,439,0.07447030900038953,78584.0,1000,1901
440,440,0.07458139299887989,78584.0,1000,1901
441,441,0.07469328899969696,78584.0,1000,1901
442,442,0.0748054689993296,78542.0,1000,1901
443,443,0.07493758000055095,78542.0,1000,1901
444,444,0.07504818099914701,78575.0,1000,1901
445,445,0.07517529899996589,78575.0,1000,1901
446,446,0.07528518099934445,78575.0,1000,1901
447,447,0.07539772400014044,78950.0,1000,1901
448,448,0.07552383099937288,78875.0,1000,1901
449,449,0.07569368999975268,78875.0,1000,1901
450,450,0.07582224900033907,78875.0,1000,1901
451,451,0.07593602099950658,78875.0,1000,1901
452,452,0.07604754500061972,78875.0,1000,1901
453,453,0.0761582079994696,78875.0,1000,1901
454,454,0.07626854400041339,78875.0,1000,1901
455,455,0.07638011500057473,79205.0,1000,1901
456,456,0.07650741900033609,79205.0,1000,1901
457,457,0.07661676799943962,79205.0,1000,1901
458,458,0.07672857999932603,79205.0,1000,1901
459,459,0.0768409239990433,79205.0,1000,1901
460,460,0.07697162399927038,79107.0,1000,1901
461,461,0.07710505800059764,79107.0,1000,1901
462,462,0.07721770100033609,78960.0,1000,1901
463,463,0.07735663899984502,78960.0,1000,1901
464,464,0.07747029999882216,78960.0,1000,1901
465,465,0.07759240300038073,78960.0,1000,1901
466,466,0.07770420599990757,78960.0,1000,1901
467,467,0.07781480499943427,78982.0,1000,1901
468,468,0.0779452160004439,78982.0,1000,1901
469,469,0.0780580419996113,78982.0,1000,1901
470,470,0.07816921599987836,78982.0,1000,1901
471,471,0.07828228600010334,78982.0,1000,1901
472,472,0.07839524799965147,78982.0,1000,1901
473,473,0.07852371499939181,78982.0,1000,1901
474,474,0.07864001599955373,78868.0,1000,1901
475,475,0.07877540299887187,79209.0,1000,1901
476,476,0.07890479500019865,79209.0,1000,1901
477,477,0.07901802999913343,79209.0,1000,1901
478,478,0.07913159899908351,79209.0,1000,1901
479,479,0.079242511999837,79209.0,1000,1901
480,480,0.07935588200052734,79209.0,1000,1901
481,481,0.07947011400028714,79209.0,1000,1901
482,482,0.07958370099913736,79209.0,1000,1901
483,483,0.07969701299953158,79209.0,1000,1901
484,484,0.07980845800011593,79209.0,1000,1901
485,485,0.07992208999894501,79209.0,1000,1901
486,486,0.08003587900020648,79233.0,1000,1901
487,487,0.08016558700001042,79233.0,1000,1901
488,488,0.08028004299922031,79233.0,1000,1901
489,489,0.08039469100003771,79233.0,1000,1901
490,490,0.08051056600015727,79233.0,1000,1901
491,491,0.08062534800046706,79233.0,1000,1901
492,492,0.08073960399997304,79233.0,1000,1901
493,493,0.08085476300038863,79365.0,1000,1901
494,494,0.08098552599949471,79365.0,1000,1901
495,495,0.08109781999883126,79365.0,1000,1901
496,496,0.08121086800019839,79173.0,1000,1901
497,497,0.08134801899905142,79213.0,1000,1901
498,498,0.08147790799921495,79213.0,1000,1901
499,499,0.08162079400062794,79213.0,1000,1901
500,500,0.081737049998992,80123.0,1000,1901
501,501,0.08186801699957869,80123.0,1000,1901
502,502,0.08913457199923869,80123.0,1000,1901
503,503,0.0892665979990852,80123.0,1000,1901
504,504,0.08939097599977686,80123.0,1000,1901
505,505,0.08952848599983554,80123.0,1000,1901
506,506,0.08965796600023168,80123.0,1000,1901
507,507,0.08977411500018206,80123.0,1000,1901
508,508,0.08989174999987881,80123.0,1000,1901
509,509,0.09000768399891967,80123.0,1000,1901
510,510,0.09012378899933537,80123.0,1000,1901
511,511,0.09024005100036447,80303.0,1000,1901
512,512,0.09037451400035934,80303.0,1000,1901
513,513,0.09049166499971761,80303.0,1000,1901
514,514,0.09060898399911821,80303.0,1000,1901
515,515,0.09072731199921691,80303.0,1000,1901
516,516,0.09084163199986506,80303.0,1000,1901
517,517,0.09095834899926558,80303.0,1000,1901
518,518,0.09107561299970257,80303.0,1000,1901
519,519,0.09119276599994919,80303.0,1000,1901
520,520,0.09131219699884241,80303.0,1000,1901
521,521,0.09143022199896222,80303.0,1000,1901
522,522,0.09154654099984327,80303.0,1000,1901
523,523,0.09166610799911723,80303.0,1000,1901
524,524,0.09178490799968131,80303.0,1000,1901
525,525,0.09190456299984362,80303.0,1000,1901
526,526,0.09202063299926522,80303.0,1000,1901
527,527,0.09214175499982957,80303.0,1000,1901
528,528,0.09228093599995191,80303.0,1000,1901
529,529,0.0923966449990985,80116.0,1000,1901
530,530,0.09253796699886152,80122.0,1000,1901
531,531,0.09267175800050609,80122.0,1000,1901
532,532,0.09278917600022396,80122.0,1000,1901
533,533,0.09290685199994186,80032.0,1000,1901
534,534,0.09304627799974696,80043.0,1000,1901
535,535,0.0931800979997206,80043.0,1000,1901
536,536,0.09329510600036883,80175.0,1000,1901
537,537,0.09342995199949655,80175.0,1000,1901
538,538,0.09355552699889813,80175.0,1000,1901
539,539,0.09368139599973802,80121.0,1000,1901
540,540,0.09383369699935429,80121.0,1000,1901
541,541,0.09395396299987624,80121.0,1000,1901
542,542,0.09407299600024999,80121.0,1000,1901
543,543,0.09419213000001037,80121.0,1000,1901
544,544,0.09431150499949581,80150.0,1000,1901
545,545,0.09444680299930042,80042.0,1000,1901
546,546,0.09458633299982466,80042.0,1000,1901
547,547,0.09470519699971192,80168.0,1000,1901
548,548,0.09483893099968554,80168.0,1000,1901
549,549,0.09495793699898059,80168.0,1000,1901
550,550,0.09507649399893126,80168.0,1000,1901
551,551,0.09519639800055302,80232.0,1000,1901
552,552,0.09533132300020952,80232.0,1000,1901
553,553,0.09545001500009676,80232.0,1000,1901
554,554,0.09556855499977246,80232.0,1000,1901
555,555,0.0956889709996176,80232.0,1000,1901
556,556,0.09580670600007579,80232.0,1000,1901
557,557,0.09592655999949784,80232.0,1000,1901
558,558,0.09604625499923714,80232.0,1000,1901
559,559,0.0961664539991034,80248.0,1000,1901
560,560,0.09630275199924654,80248.0,1000,1901
561,561,0.09642243999951461,80248.0,1000,1901
562,562,0.09654265999961353,80248.0,1000,1901
563,563,0.09666244199979701,80248.0,1000,1901
564,564,0.09678085799896508,80237.0,1000,1901
565,565,0.09692345799885516,80266.0,1000,1901
566,566,0.09706028300024627,80248.0,1000,1901
567,567,0.0972010900004534,80248.0,1000,1901
568,568,0.09734294100053376,80248.0,1000,1901
569,569,0.09746149599959608,80217.0,1000,1901
570,570,0.09763322199978575,80217.0,1000,1901
571,571,0.09775330800039228,80217.0,1000,1901
572,572,0.0978760220004915,80217.0,1000,1901
573,573,0.09799712099993485,80217.0,1000,1901
574,574,0.09811919599997054,80217.0,1000,1901
575,575,0.09824206399935065,80217.0,1000,1901
576,576,0.09836474700023246,80217.0,1000,1901
577,577,0.09848715099906258,80367.0,1000,1901
578,578,0.0986258140001155,80367.0,1000,1901
579,579,0.09875396999996156,80409.0,1000,1901
580,580,0.09890028900008474,80409.0,1000,1901
581,581,0.09902327499912644,80409.0,1000,1901
582,582,0.09914523099905637,80409.0,1000,1901
583,583,0.09926756399909209,80409.0,1000,1901
584,584,0.0993893399991066,80577.0,1000,1901
585,585,0.09952542999963043,80577.0,1000,1901
586,586,0.09964789600053336,80577.0,1000,1901
587,587,0.09976804399957473,80577.0,1000,1901
588,588,0.09988882200013904,80577.0,1000,1901
589,589,0.10001274699970963,80577.0,1000,1901
590,590,0.10013686599995708,80577.0,1000,1901
591,591,0.10025983299965446,80577.0,1000,1901
592,592,0.10038238100059971,80577.0,1000,1901
593,593,0.10050509400025476,80535.0,1000,1901
594,594,0.10064878099910857,80535.0,1000,1901
595,595,0.10077221099891176,80535.0,1000,1901
596,596,0.10089623099884193,80535.0,1000,1901
597,597,0.10101940300046408,80535.0,1000,1901
598,598,0.10114231700026721,80535.0,1000,1901
599,599,0.10126755300007062,80535.0,1000,1901
600,600,0.10138869999900635,80535.0,1000,1901
601,601,0.10151804700035427,80535.0,1000,1901
602,602,0.1093857569994725,80535.0,1000,1901
603,603,0.10953617700033647,80535.0,1000,1901
604,604,0.10966808999910427,80535.0,1000,1901
605,605,0.10979525599941553,80535.0,1000,1901
606,606,0.10991934699995909,80535.0,1000,1901
607,607,0.11004395599957206,80535.0,1000,1901
608,608,0.11016983199988317,80535.0,1000,1901
609,609,0.11029235000023618,80535.0,1000,1901
610,610,0.11041735300022992,80535.0,1000,1901
611,611,0.11054190600043512,80502.0,1000,1901
612,612,0.1106913989988243,80502.0,1000,1901
613,613,0.11081506499976967,80502.0,1000,1901
614,614,0.11094159399908676,80502.0,1000,1901
615,615,0.11106412799927057,80502.0,1000,1901
616,616,0.11118738000004669,80540.0,1000,1901
617,617,0.11133106899978884,80540.0,1000,1901
618,618,0.11145504500018433,80540.0,1000,1901
619,619,0.11158019399954355,80540.0,1000,1901
620,620,0.11170301799938898,80540.0,1000,1901
621,621,0.11182894199919247,80540.0,1000,1901
622,622,0.11195162600051844,80540.0,1000,1901
623,623,0.11207418099911592,80540.0,1000,1901
624,624,0.11220007699921553,80540.0,1000,1901
625,625,0.11232583200035151,80540.0,1000,1901
626,626,0.11245061800036638,80540.0,1000,1901
627,627,0.11258485799953633,80519.0,1000,1901
628,628,0.11274301099911099,80519.0,1000,1901
629,629,0.11286985799961258,80597.0,1000,1901
630,630,0.11301359400022193,80597.0,1000,1901
631,631,0.11314017599943327,80597.0,1000,1901
632,632,0.11326758100040024,80597.0,1000,1901
633,633,0.11339220700028818,80597.0,1000,1901
634,634,0.11354648300039116,80597.0,1000,1901
635,635,0.11367389800034289,80597.0,1000,1901
636,636,0.11380124499919475,80597.0,1000,1901
637,637,0.11392787499971746,80717.0,1000,1901
638,638,0.11410905899901991,80717.0,1000,1901
639,639,0.11423785899933137,80717.0,1000,1901
640,640,0.11436303200025577,80717.0,1000,1901
641,641,0.11448972300058813,80717.0,1000,1901
642,642,0.11461486900043383,80717.0,1000,1901
643,643,0.11474020199966617,80717.0,1000,1901
644,644,0.11486407399934251,80717.0,1000,1901
645,645,0.11499061699942104,80717.0,1000,1901
646,646,0.11511694699947839,80717.0,1000,1901
647,647,0.1152418250003393,80717.0,1000,1901
648,648,0.11536956099917006,80717.0,1000,1901
649,649,0.11549414199907915,80717.0,1000,1901
650,650,0.11562070800027868,80717.0,1000,1901
651,651,0.11574752199885552,80717.0,1000,1901
652,652,0.11587258799954725,80717.0,1000,1901
653,653,0.11599910800032376,80717.0,1000,1901
654,654,0.11612653199881606,80717.0,1000,1901
655,655,0.11625443800039648,80717.0,1000,1901
656,656,0.1163823280003271,80717.0,1000,1901
657,657,0.11650908599949616,80717.0,1000,1901
658,658,0.11663663699982862,80717.0,1000,1901
659,659,0.11676173100022424,80717.0,1000,1901
660,660,0.11688978199890698,80717.0,1000,1901
661,661,0.11701561500012758,80717.0,1000,1901
662,662,0.11714043999927526,80717.0,1000,1901
663,663,0.1172675319994596,80717.0,1000,1901
664,664,0.11739478900017275,80717.0,1000,1901
665,665,0.11753716999919561,80717.0,1000,1901
666,666,0.11767988099927607,80717.0,1000,1901
667,667,0.11781618399982108,80717.0,1000,1901
668,668,0.11794349099909596,80717.0,1000,1901
669,669,0.11807169799976691,80717.0,1000,1901
670,670,0.1182000959997822,80717.0,1000,1901
671,671,0.11832895000043209,80717.0,1000,1901
672,672,0.11845536500004528,80717.0,1000,1901
673,673,0.11858382999889727,80717.0,1000,1901
674,674,0.11871279099977983,80717.0,1000,1901
675,675,0.11883959599981608,80717.0,1000,1901
676,676,0.11896897800033912,80717.0,1000,1901
677,677,0.11910907699893869,80717.0,1000,1901
678,678,0.11924103700039268,80717.0,1000,1901
679,679,0.11936821000017517,80717.0,1000,1901
680,680,0.119499280999662,80717.0,1000,1901
681,681,0.11962999400020635,80717.0,1000,1901
682,682,0.1197576829999889,80717.0,1000,1901
683,683,0.11988749900046969,80684.0,1000,1901
684,684,0.12003971500053012,80684.0,1000,1901
685,685,0.12016962300003797,80684.0,1000,1901
686,686,0.1202975289997994,80684.0,1000,1901
687,687,0.12042764099896885,80684.0,1000,1901
688,688,0.12055569099902641,80684.0,1000,1901
689,689,0.12068632099908427,80684.0,1000,1901
690,690,0.1208173960003478,80684.0,1000,1901
691,691,0.12094834900017304,80684.0,1000,1901
692,692,0.12107774799915205,80706.0,1000,1901
693,693,0.12122407000060775,80706.0,1000,1901
694,694,0.1213526310002635,80706.0,1000,1901
695,695,0.1214841669989255,80706.0,1000,1901
696,696,0.12164461899919843,80706.0,1000,1901
697,697,0.12177718800012372,80706.0,1000,1901
698,698,0.12190779400043539,80716.0,1000,1901
699,699,0.12205475699920498,80716.0,1000,1901
700,700,0.12218346500048938,80716.0,1000,1901
701,701,0.12231420399984927,80716.0,1000,1901
702,702,0.13063670699921204,80701.0,1000,1901
703,703,0.1308089430003747,80701.0,1000,1901
704,704,0.13094694599931245,80701.0,1000,1901
705,705,0.13108331900002668,80701.0,1000,1901
706,706,0.13121652600057132,80701.0,1000,1901
707,707,0.13134838800033322,80701.0,1000,1901
708,708,0.13148171799912234,80701.0,1000,1901
709,709,0.1316154779997305,80701.0,1000,1901
710,710,0.13174575899938645,80701.0,1000,1901
711,711,0.13187923799887358,80701.0,1000,1901
712,712,0.13201200699950277,80905.0,1000,1901
713,713,0.13216206200013403,80905.0,1000,1901
714,714,0.13229461399896536,80905.0,1000,1901
715,715,0.1324281039997004,80905.0,1000,1901
716,716,0.13256035399899702,80905.0,1000,1901
717,717,0.1326924639997742,80905.0,1000,1901
718,718,0.13282250100019155,80905.0,1000,1901
719,719,0.1329638419992989,80905.0,1000,1901
720,720,0.13310373700005584,80905.0,1000,1901
721,721,0.13323286100057885,80905.0,1000,1901
722,722,0.13336656499996025,80905.0,1000,1901
723,723,0.13350850700044248,80905.0,1000,1901
724,724,0.1336445470005856,80905.0,1000,1901
725,725,0.13377463600045303,80905.0,1000,1901
726,726,0.13390724400051113,80905.0,1000,1901
727,727,0.13404057899970212,80905.0,1000,1901
728,728,0.13417405300060636,80905.0,1000,1901
729,729,0.13431980200039106,80905.0,1000,1901
730,730,0.1344569169996248,80905.0,1000,1901
731,731,0.13459034100014833,80905.0,1000,1901
732,732,0.1347222829990642,80905.0,1000,1901
733,733,0.13485565900009533,80905.0,1000,1901
734,734,0.13498616899960325,80905.0,1000,1901
735,735,0.13511631799883617,80905.0,1000,1901
736,736,0.13524826799948642,80905.0,1000,1901
737,737,0.13538264099952357,80905.0,1000,1901
738,738,0.13551680799901078,80905.0,1000,1901
739,739,0.1356513119990268,80905.0,1000,1901
740,740,0.13578588800010039,80905.0,1000,1901
741,741,0.13591720399927,80905.0,1000,1901
742,742,0.13604840600055468,80878.0,1000,1901
743,743,0.13620423099928303,80878.0,1000,1901
744,744,0.1363388939989818,80934.0,1000,1901
745,745,0.1364907659990422,80923.0,1000,1901
746,746,0.13664623399927223,80923.0,1000,1901
747,747,0.1367815840003459,80923.0,1000,1901
748,748,0.13691759500034095,80923.0,1000,1901
749,749,0.13705203800054733,80923.0,1000,1901
750,750,0.1371870189996116,80873.0,1000,1901
751,751,0.1373429830000532,80873.0,1000,1901
752,752,0.13747789799890597,80873.0,1000,1901
753,753,0.1376384599989251,80873.0,1000,1901
754,754,0.1377742650001892,80873.0,1000,1901
755,755,0.13790988199980347,80873.0,1000,1901
756,756,0.138057177000519,80873.0,1000,1901
757,757,0.1382012689991825,80873.0,1000,1901
758,758,0.13833497399900807,80953.0,1000,1901
759,759,0.13848597300057008,80953.0,1000,1901
760,760,0.1386177399999724,80953.0,1000,1901
761,761,0.13874994099933247,80953.0,1000,1901
762,762,0.13888568800030043,80953.0,1000,1901
763,763,0.13903544300046633,80953.0,1000,1901
764,764,0.13917965300061041,80953.0,1000,1901
765,765,0.13932372099952772,80953.0,1000,1901
766,766,0.13946852899971418,80953.0,1000,1901
767,767,0.1396066819997941,80953.0,1000,1901
768,768,0.13974416800010658,81100.0,1000,1901
769,769,0.13989743099955376,81100.0,1000,1901
770,770,0.14003366399992956,81100.0,1000,1901
771,771,0.1401702759994805,81100.0,1000,1901
772,772,0.14030933600042772,81100.0,1000,1901
773,773,0.14044442600061302,81100.0,1000,1901
774,774,0.14058135199957178,81100.0,1000,1901
775,775,0.14071640300062427,81100.0,1000,1901
776,776,0.14085307700042904,81100.0,1000,1901
777,777,0.14099009599885903,81100.0,1000,1901
778,778,0.14112475599904428,81100.0,1000,1901
779,779,0.14125922399944102,81136.0,1000,1901
780,780,0.14141324999945937,81136.0,1000,1901
781,781,0.14155685799960338,81136.0,1000,1901
782,782,0.14169560600021214,81136.0,1000,1901
783,783,0.14183212799980538,81136.0,1000,1901
784,784,0.14196912899933523,81136.0,1000,1901
785,785,0.14210427599937248,81136.0,1000,1901
786,786,0.14223958599905018,81136.0,1000,1901
787,787,0.14237691699963761,81136.0,1000,1901
788,788,0.1425143840006058,81136.0,1000,1901
789,789,0.14265170500038948,81136.0,1000,1901
790,790,0.1427895079996233,81136.0,1000,1901
791,791,0.14292756599934364,81136.0,1000,1901
792,792,0.14306526600012148,81136.0,1000,1901
793,793,0.1432240449994424,81136.0,1000,1901
794,794,0.14336167900000873,81136.0,1000,1901
795,795,0.14349658100036322,81152.0,1000,1901
796,796,0.14365057299983164,81152.0,1000,1901
797,797,0.14378584999940358,81152.0,1000,1901
798,798,0.14392492099977972,81152.0,1000,1901
799,799,0.14406376899933093,81152.0,1000,1901
800,800,0.14420202499968582,81152.0,1000,1901
801,801,0.14434100899961777,81152.0,1000,1901
802,802,0.15320178599904466,81152.0,1000,1901
803,803,0.15337684899895976,81152.0,1000,1901
804,804,0.15354045200001565,81152.0,1000,1901
805,805,0.15369568599999184,81152.0,1000,1901
806,806,0.15383878399916284,81152.0,1000,1901
807,807,0.15397986800053332,81178.0,1000,1901
808,808,0.15413824700044643,81178.0,1000,1901
809,809,0.1542793349999556,81178.0,1000,1901
810,810,0.1544183450005221,81178.0,1000,1901
811,811,0.15457134600001154,81178.0,1000,1901
812,812,0.15471493400036707,81178.0,1000,1901
813,813,0.1548565339999186,81178.0,1000,1901
814,814,0.15499712999917392,81178.0,1000,1901
815,815,0.15513483100039593,81178.0,1000,1901
816,816,0.15527617000043392,81178.0,1000,1901
817,817,0.15541388999918127,81232.0,1000,1901
818,818,0.1555702650002786,81232.0,1000,1901
819,819,0.15571177799938596,81232.0,1000,1901
820,820,0.15585285399902205,81232.0,1000,1901
821,821,0.15599069400013832,81232.0,1000,1901
822,822,0.15613102899988007,81232.0,1000,1901
823,823,0.1562709609988815,81232.0,1000,1901
824,824,0.1564114190005057,81232.0,1000,1901
825,825,0.15655142300056468,81232.0,1000,1901
826,826,0.15668988099969283,81232.0,1000,1901
827,827,0.15683136100051343,81232.0,1000,1901
828,828,0.15697210100006487,81232.0,1000,1901
829,829,0.1571122209988971,81232.0,1000,1901
830,830,0.15725032599948463,81232.0,1000,1901
831,831,0.1573922589996073,81232.0,1000,1901
832,832,0.15753940799913835,81232.0,1000,1901
833,833,0.15768210900023405,81232.0,1000,1901
834,834,0.15782322700033546,81232.0,1000,1901
835,835,0.15796214200054237,81232.0,1000,1901
836,836,0.15810108999903605,81232.0,1000,1901
837,837,0.1582424819989683,81232.0,1000,1901
838,838,0.15838205100044433,81232.0,1000,1901
839,839,0.1585434280004847,81232.0,1000,1901
840,840,0.15868493299967668,81232.0,1000,1901
841,841,0.158827499999461,81232.0,1000,1901
842,842,0.15896946999964712,81232.0,1000,1901
843,843,0.1591101340000023,81232.0,1000,1901
844,844,0.15925277699898288,81232.0,1000,1901
845,845,0.15939436799999385,81232.0,1000,1901
846,846,0.15953716200056078,81232.0,1000,1901
847,847,0.1596910829994158,81232.0,1000,1901
848,848,0.15983748299913714,81232.0,1000,1901
849,849,0.1599808339997253,81232.0,1000,1901
850,850,0.160121351998896,81232.0,1000,1901
851,851,0.16026197400060482,81232.0,1000,1901
852,852,0.16040564099967014,81232.0,1000,1901
853,853,0.16054875900044863,81232.0,1000,1901
854,854,0.16069237599913322,81232.0,1000,1901
855,855,0.16083424200041918,81232.0,1000,1901
856,856,0.16097558699948422,81232.0,1000,1901
857,857,0.16111691699916264,81232.0,1000,1901
858,858,0.1612579350003216,81232.0,1000,1901
859,859,0.16140122999968298,81232.0,1000,1901
860,860,0.16157082700010506,81232.0,1000,1901
861,861,0.16171543400014343,81232.0,1000,1901
862,862,0.1618564719992719,81232.0,1000,1901
863,863,0.16199998299998697,81232.0,1000,1901
864,864,0.16213993099881918,81232.0,1000,1901
865,865,0.16228450299968245,81232.0,1000,1901
866,866,0.16242763300033403,81232.0,1000,1901
867,867,0.16257075899920892,81232.0,1000,1901
868,868,0.16271262999907776,81232.0,1000,1901
869,869,0.1628538799996022,81232.0,1000,1901
870,870,0.16299808899930213,81232.0,1000,1901
871,871,0.16314407199934067,81232.0,1000,1901
872,872,0.16328611400058435,81232.0,1000,1901
873,873,0.1634306910000305,81232.0,1000,1901
874,874,0.1635934259993519,81232.0,1000,1901
875,875,0.16374071899917908,81232.0,1000,1901
876,876,0.1638856699992175,81232.0,1000,1901
877,877,0.16403066599923477,81232.0,1000,1901
878,878,0.16419606099952944,81232.0,1000,1901
879,879,0.16433820000020205,81232.0,1000,1901
880,880,0.16448281399971165,81232.0,1000,1901
881,881,0.16462419599884015,81232.0,1000,1901
882,882,0.1647820509988378,81232.0,1000,1901
883,883,0.16492603900042013,81232.0,1000,1901
884,884,0.16506870800003526,81232.0,1000,1901
885,885,0.16521180100062338,81232.0,1000,1901
886,886,0.1653573379990121,81232.0,1000,1901
887,887,0.16551071399953798,81232.0,1000,1901
888,888,0.1656545179994282,81232.0,1000,1901
889,889,0.16579711699887412,81232.0,1000,1901
890,890,0.16594289699969522,81232.0,1000,1901
891,891,0.16608558400002948,81232.0,1000,1901
892,892,0.16623082399928535,81232.0,1000,1901
893,893,0.16637600700050825,81232.0,1000,1901
894,894,0.16652241699921433,81232.0,1000,1901
895,895,0.16666610199899878,81232.0,1000,1901
896,896,0.1668119839996507,81232.0,1000,1901
897,897,0.16695802899994305,81232.0,1000,1901
898,898,0.167104529999051,81232.0,1000,1901
899,899,0.16725145999953384,81232.0,1000,1901
900,900,0.16739837800014357,81232.0,1000,1901
901,901,0.16754491999927268,81232.0,1000,1901
902,902,0.17712732899963157,81232.0,1000,1901
903,903,0.177294429999165,81232.0,1000,1901
904,904,0.17744827199931024,81232.0,1000,1901
905,905,0.1776077409995196,81232.0,1000,1901
906,906,0.1777573620001931,81232.0,1000,1901
907,907,0.17790646699904755,81232.0,1000,1901
908,908,0.17805496399887488,81232.0,1000,1901
909,909,0.17820376999952714,81232.0,1000,1901
910,910,0.1783504390004964,81232.0,1000,1901
911,911,0.17849535899949842,81232.0,1000,1901
912,912,0.17864384299900848,81232.0,1000,1901
913,913,0.17880485599926033,81232.0,1000,1901
914,914,0.1789620500003366,81232.0,1000,1901
915,915,0.1791106469991064,81232.0,1000,1901
916,916,0.17925808600011806,81232.0,1000,1901
917,917,0.17940692499905708,81232.0,1000,1901
918,918,0.17955324300055509,81232.0,1000,1901
919,919,0.1796981980005512,81232.0,1000,1901
920,920,0.17984701299974404,81232.0,1000,1901
921,921,0.18001261400058866,81232.0,1000,1901
922,922,0.18016316600005666,81232.0,1000,1901
923,923,0.18030948799969337,81232.0,1000,1901
924,924,0.18045828499998606,81232.0,1000,1901
925,925,0.1806074260002788,81232.0,1000,1901
926,926,0.1807556959993235,81232.0,1000,1901
927,927,0.180902371999764,81232.0,1000,1901
928,928,0.1810473389996332,81232.0,1000,1901
929,929,0.18119568200017966,81232.0,1000,1901
930,930,0.18134545400062052,81232.0,1000,1901
931,931,0.18151262599894835,81232.0,1000,1901
932,932,0.1816733129999193,81232.0,1000,1901
933,933,0.18181976599953487,81232.0,1000,1901
934,934,0.18196837799951027,81232.0,1000,1901
935,935,0.18211460999918927,81232.0,1000,1901
936,936,0.18226241000047594,81232.0,1000,1901
937,937,0.182412056999965,81232.0,1000,1901
938,938,0.18255890000000363,81232.0,1000,1901
939,939,0.18270845900042332,81232.0,1000,1901
940,940,0.1828567339998699,81232.0,1000,1901
941,941,0.18300521399942227,81232.0,1000,1901
942,942,0.18315660400003253,81232.0,1000,1901
943,943,0.1833053629998176,81232.0,1000,1901
944,944,0.18345513999884133,81232.0,1000,1901
945,945,0.18360580199987453,81232.0,1000,1901
946,946,0.1837544859990885,81232.0,1000,1901
947,947,0.18392569400020875,81232.0,1000,1901
948,948,0.18407656399904226,81232.0,1000,1901
949,949,0.18422401299903868,81232.0,1000,1901
950,950,0.18437391800034675,81232.0,1000,1901
951,951,0.18452128100034315,81232.0,1000,1901
952,952,0.18467072099883808,81232.0,1000,1901
953,953,0.18482040199887706,81232.0,1000,1901
954,954,0.18498111599910771,81229.0,1000,1901
955,955,0.18515966499944625,81229.0,1000,1901
956,956,0.18531115899895667,81229.0,1000,1901
957,957,0.18545989199992619,81229.0,1000,1901
958,958,0.18562143000053766,81229.0,1000,1901
959,959,0.18577277099939238,81229.0,1000,1901
960,960,0.1859242729988182,81229.0,1000,1901
961,961,0.1860747190003167,81229.0,1000,1901
962,962,0.18622553900058847,81229.0,1000,1901
963,963,0.1863757440005429,81229.0,1000,1901
964,964,0.1865236689991434,81229.0,1000,1901
965,965,0.18667355999969004,81229.0,1000,1901
966,966,0.18682387999979255,81229.0,1000,1901
967,967,0.1869743049992394,81229.0,1000,1901
968,968,0.18712472200058983,81229.0,1000,1901
969,969,0.18727257200043823,81229.0,1000,1901
970,970,0.1874213310002233,81229.0,1000,1901
971,971,0.18757241999992402,81229.0,1000,1901
972,972,0.18772112999977253,81229.0,1000,1901
973,973,0.1878733569992619,81229.0,1000,1901
974,974,0.18802649999997811,81229.0,1000,1901
975,975,0.18817770599889627,81229.0,1000,1901
976,976,0.18832722099978128,81229.0,1000,1901
977,977,0.18847802699929161,81229.0,1000,1901
978,978,0.1886290229995211,81229.0,1000,1901
979,979,0.18878040699928533,81229.0,1000,1901
980,980,0.18893306400059373,81229.0,1000,1901
981,981,0.18909795199942891,81229.0,1000,1901
982,982,0.1892587469992577,81229.0,1000,1901
983,983,0.1894093230002909,81229.0,1000,1901
984,984,0.18958568400012155,81229.0,1000,1901
985,985,0.18973953999920923,81229.0,1000,1901
986,986,0.18989221999981964,81229.0,1000,1901
987,987,0.1900564449988451,81229.0,1000,1901
988,988,0.190213166999456,81229.0,1000,1901
989,989,0.1903673719989456,81229.0,1000,1901
990,990,0.19052183699932357,81229.0,1000,1901
991,991,0.19067887699929997,81229.0,1000,1901
992,992,0.19083343700003752,81229.0,1000,1901
993,993,0.190986759000225,81229.0,1000,1901
994,994,0.19113810999988345,81229.0,1000,1901
995,995,0.1912919629994576,81229.0,1000,1901
996,996,0.1914424839997082,81229.0,1000,1901
997,997,0.1915940809994936,81229.0,1000,1901
998,998,0.1917476369999349,81229.0,1000,1901
999,999,0.1919014689992764,81229.0,1000,1901
1000,1000,0.19205531399893516,81229.0,1000,1901
1001,1001,0.1922098979994189,81229.0,1000,1901
1002,1002,0.20216675200026657,81229.0,1000,1901
1003,1003,0.20235349199901975,81229.0,1000,1901
1004,1004,0.2025227169997379,81229.0,1000,1901
1005,1005,0.2026907609997579,81229.0,1000,1901
1006,1006,0.20285617700028524,81229.0,1000,1901
1007,1007,0.20302566200007277,81229.0,1000,1901
1008,1008,0.20319385699986015,81229.0,1000,1901
1009,1009,0.2033557769991603,81229.0,1000,1901
1010,1010,0.2035195520002162,81229.0,1000,1901
1011,1011,0.20368249000057403,81229.0,1000,1901
1012,1012,0.2038481090003188,81229.0,1000,1901
1013,1013,0.2040151879991754,81229.0,1000,1901
1014,1014,0.20418014999995648,81229.0,1000,1901
1015,1015,0.2043619439991744,81229.0,1000,1901
1016,1016,0.20452352699976473,81229.0,1000,1901
1017,1017,0.20467922199895838,81229.0,1000,1901
1018,1018,0.20483325799978047,81229.0,1000,1901
1019,1019,0.20499009999912232,81229.0,1000,1901
1020,1020,0.20514684400041006,81229.0,1000,1901
1021,1021,0.20531392600059917,81229.0,1000,1901
1022,1022,0.2054749630005972,81229.0,1000,1901
1023,1023,0.20566138100002718,81229.0,1000,1901
1024,1024,0.20581830700029968,81229.0,1000,1901
1025,1025,0.20597462899968377,81229.0,1000,1901
1026,1026,0.2061306159994274,81229.0,1000,1901
1027,1027,0.20628413899976294,81229.0,1000,1901
1028,1028,0.20644125099897792,81229.0,1000,1901
1029,1029,0.20659924800020235,81229.0,1000,1901
1030,1030,0.20675390199903632,81229.0,1000,1901
1031,1031,0.20690792099958344,81229.0,1000,1901
1032,1032,0.20706319999953848,81229.0,1000,1901
1033,1033,0.20721645800040278,81229.0,1000,1901
1034,1034,0.2073699239990674,81229.0,1000,1901
1035,1035,0.20752599499974167,81229.0,1000,1901
1036,1036,0.2076814709998871,81229.0,1000,1901
1037,1037,0.2078375330002018,81229.0,1000,1901
1038,1038,0.20799387700026273,81229.0,1000,1901
1039,1039,0.20814959299968905,81229.0,1000,1901
1040,1040,0.20830401499915752,81229.0,1000,1901
1041,1041,0.208460642999853,81229.0,1000,1901
1042,1042,0.2086143140004424,81229.0,1000,1901
1043,1043,0.20877046699934,81229.0,1000,1901
1044,1044,0.2089265169997816,81229.0,1000,1901
1045,1045,0.20908015399982105,81229.0,1000,1901
1046,1046,0.20923708000009356,81262.0,1000,1901
1047,1047,0.20943284799977846,81262.0,1000,1901
1048,1048,0.20960154400017927,81262.0,1000,1901
1049,1049,0.209758241999225,81262.0,1000,1901
1050,1050,0.20991619999949762,81262.0,1000,1901
1051,1051,0.21007131499936804,81262.0,1000,1901
1052,1052,0.2102263189990481,81262.0,1000,1901
1053,1053,0.21039415300037945,81262.0,1000,1901
1054,1054,0.2105532959994889,81262.0,1000,1901
1055,1055,0.21071203899919055,81262.0,1000,1901
1056,1056,0.21086842399927264,81262.0,1000,1901
1057,1057,0.21102393199907965,81262.0,1000,1901
1058,1058,0.21117887899890775,81262.0,1000,1901
1059,1059,0.21133701399958227,81262.0,1000,1901
1060,1060,0.21149484399938956,81262.0,1000,1901
1061,1061,0.2116513870005292,81262.0,1000,1901
1062,1062,0.21180613099932089,81262.0,1000,1901
1063,1063,0.21196413899997424,81262.0,1000,1901
1064,1064,0.21212236999963352,81262.0,1000,1901
1065,1065,0.21227763000024424,81262.0,1000,1901
1066,1066,0.212435158999142,81262.0,1000,1901
1067,1067,0.21259176499916066,81262.0,1000,1901
1068,1068,0.21275087100002565,81262.0,1000,1901
1069,1069,0.21290996000061568,81262.0,1000,1901
1070,1070,0.21306618999915372,81262.0,1000,1901
1071,1071,0.2132223589997011,81262.0,1000,1901
1072,1072,0.2133780949989159,81262.0,1000,1901
1073,1073,0.21356137300062983,81262.0,1000,1901
1074,1074,0.2137223619993165,81262.0,1000,1901
1075,1075,0.21387995300028706,81262.0,1000,1901
1076,1076,0.214037145000475,81262.0,1000,1901
1077,1077,0.21419691699884424,81262.0,1000,1901
1078,1078,0.21437684900047316,81262.0,1000,1901
1079,1079,0.21455555300053675,81262.0,1000,1901
1080,1080,0.21471467199990002,81262.0,1000,1901
1081,1081,0.21487167699888232,81262.0,1000,1901
1082,1082,0.2150308509990282,81262.0,1000,1901
1083,1083,0.21519060299942794,81262.0,1000,1901
1084,1084,0.21534873400014476,81262.0,1000,1901
1085,1085,0.2155210429991712,81262.0,1000,1901
1086,1086,0.21568284199929622,81262.0,1000,1901
1087,1087,0.21584293600062665,81262.0,1000,1901
1088,1088,0.21600457599924994,81262.0,1000,1901
1089,1089,0.2161644019997766,81262.0,1000,1901
1090,1090,0.21632326899998588,81262.0,1000,1901
1091,1091,0.2164840479999839,81262.0,1000,1901
1092,1092,0.21664660100032052,81262.0,1000,1901
1093,1093,0.21680654100055108,81262.0,1000,1901
1094,1094,0.21696861800046463,81262.0,1000,1901
1095,1095,0.21712802999900305,81262.0,1000,1901
1096,1096,0.2172893919996568,81262.0,1000,1901
1097,1097,0.21745049099990865,81262.0,1000,1901
1098,1098,0.2176188989997172,81262.0,1000,1901
1099,1099,0.21778010299931339,81262.0,1000,1901
1100,1100,0.21794134199990367,81262.0,1000,1901
1101,1101,0.2181014679990767,81262.0,1000,1901
1102,1102,0.22863368899925263,81262.0,1000,1901
1103,1103,0.22881552199942234,81262.0,1000,1901
1104,1104,0.22898379099933663,81262.0,1000,1901
1105,1105,0.22915001699948334,81266.0,1000,1901
1106,1106,0.22933373699925141,81266.0,1000,1901
1107,1107,0.22950748199946247,81266.0,1000,1901
1108,1108,0.2296880499998224,81266.0,1000,1901
1109,1109,0.22986186299931433,81266.0,1000,1901
1110,1110,0.2300248890005605,81266.0,1000,1901
1111,1111,0.2301848589995643,81266.0,1000,1901
1112,1112,0.23034815299979527,81266.0,1000,1901
1113,1113,0.23051130900057615,81266.0,1000,1901
1114,1114,0.2306840530000045,81266.0,1000,1901
1115,1115,0.2308490269988397,81266.0,1000,1901
1116,1116,0.2310095379998529,81266.0,1000,1901
1117,1117,0.23117043700040085,81266.0,1000,1901
1118,1118,0.23133432299982815,81266.0,1000,1901
1119,1119,0.23149707300035516,81266.0,1000,1901
1120,1120,0.23165879499902076,81266.0,1000,1901
1121,1121,0.2318664769991301,81266.0,1000,1901
1122,1122,0.23205134499949054,81266.0,1000,1901
1123,1123,0.2322151259995735,81266.0,1000,1901
1124,1124,0.23237672499999462,81266.0,1000,1901
1125,1125,0.2325409570003103,81266.0,1000,1901
1126,1126,0.23270250499990652,81266.0,1000,1901
1127,1127,0.2328655820001586,81266.0,1000,1901
1128,1128,0.23302903699914168,81266.0,1000,1901
1129,1129,0.23319265700047254,81266.0,1000,1901
1130,1130,0.23335595999924408,81266.0,1000,1901
1131,1131,0.2335442139992665,81266.0,1000,1901
1132,1132,0.2337068550004915,81266.0,1000,1901
1133,1133,0.23387107300004573,81266.0,1000,1901
1134,1134,0.2340348649995576,81266.0,1000,1901
1135,1135,0.2341963239996403,81266.0,1000,1901
1136,1136,0.23436098499951186,81266.0,1000,1901
1137,1137,0.23452278600052523,81266.0,1000,1901
1138,1138,0.23468666400003713,81266.0,1000,1901
1139,1139,0.23487088599904382,81266.0,1000,1901
1140,1140,0.23503609100043832,81266.0,1000,1901
1141,1141,0.23520143600035226,81266.0,1000,1901
1142,1142,0.23536593800054106,81266.0,1000,1901
1143,1143,0.23553035799886857,81266.0,1000,1901
1144,1144,0.23570520499924896,81266.0,1000,1901
1145,1145,0.23587245399903622,81266.0,1000,1901
1146,1146,0.23603855600049428,81266.0,1000,1901
1147,1147,0.23620360200038704,81266.0,1000,1901
1148,1148,0.236369582999032,81266.0,1000,1901
1149,1149,0.236536716000046,81266.0,1000,1901
1150,1150,0.23670319099983317,81266.0,1000,1901
1151,1151,0.23686815799919714,81266.0,1000,1901
1152,1152,0.2370335020004859,81266.0,1000,1901
1153,1153,0.237198337999871,81266.0,1000,1901
1154,1154,0.23736443800044071,81266.0,1000,1901
1155,1155,0.23753898399991158,81266.0,1000,1901
1156,1156,0.23770682699978352,81266.0,1000,1901
1157,1157,0.23787371899925347,81266.0,1000,1901
1158,1158,0.2380646980000165,81266.0,1000,1901
1159,1159,0.2382348720002483,81266.0,1000,1901
1160,1160,0.2384026889994857,81266.0,1000,1901
1161,1161,0.23856599099963205,81266.0,1000,1901
1162,1162,0.23873249999996915,81266.0,1000,1901
1163,1163,0.23889624000003096,81266.0,1000,1901
1164,1164,0.23906242699922586,81266.0,1000,1901
1165,1165,0.23924006599918357,81266.0,1000,1901
1166,1166,0.23941526999988127,81266.0,1000,1901
1167,1167,0.23957843499920273,81266.0,1000,1901
1168,1168,0.2397421139994549,81266.0,1000,1901
1169,1169,0.23992686299970956,81266.0,1000,1901
1170,1170,0.24009360099989863,81266.0,1000,1901
1171,1171,0.24026048999985505,81266.0,1000,1901
1172,1172,0.24042764799924043,81266.0,1000,1901
1173,1173,0.24059454199959873,81266.0,1000,1901
1174,1174,0.24077197199949296,81266.0,1000,1901
1175,1175,0.2409399329990265,81266.0,1000,1901
1176,1176,0.24110605799978657,81266.0,1000,1901
1177,1177,0.241274132999024,81266.0,1000,1901
1178,1178,0.2414384269995935,81266.0,1000,1901
1179,1179,0.2416347329999553,81266.0,1000,1901
1180,1180,0.24180158299895993,81266.0,1000,1901
1181,1181,0.24196629200014286,81266.0,1000,1901
1182,1182,0.242133482999634,81266.0,1000,1901
1183,1183,0.24230235399954836,81266.0,1000,1901
1184,1184,0.24246807899908163,81266.0,1000,1901
1185,1185,0.2426353589999053,81266.0,1000,1901
1186,1186,0.2428019540002424,81266.0,1000,1901
1187,1187,0.24296694099939486,81266.0,1000,1901
1188,1188,0.24313458299911872,81266.0,1000,1901
1189,1189,0.2433015480000904,81266.0,1000,1901
1190,1190,0.24346983000032196,81266.0,1000,1901
1191,1191,0.24363487899972824,81266.0,1000,1901
1192,1192,0.24380338599985407,81266.0,1000,1901
1193,1193,0.2439688689992181,81266.0,1000,1901
1194,1194,0.24413734699919587,81266.0,1000,1901
1195,1195,0.24430253599894058,81266.0,1000,1901
1196,1196,0.24446832700050436,81266.0,1000,1901
1197,1197,0.24463337499946647,81266.0,1000,1901
1198,1198,0.24480107999988832,81266.0,1000,1901
1199,1199,0.24497835299916915,81266.0,1000,1901
1200,1200,0.24515496599997277,81266.0,1000,1901
1201,1201,0.2453234539989353,81266.0,1000,1901
1202,1202,0.2565063990005001,81266.0,1000,1901
1203,1203,0.25668973499887215,81266.0,1000,1901
1204,1204,0.2568653729995276,81266.0,1000,1901
1205,1205,0.25703854499988665,81266.0,1000,1901
1206,1206,0.25720823600022413,81266.0,1000,1901
1207,1207,0.2573803619998216,81266.0,1000,1901
1208,1208,0.25757826100016246,81266.0,1000,1901
1209,1209,0.25775161899946397,81266.0,1000,1901
1210,1210,0.25792206400001305,81266.0,1000,1901
1211,1211,0.2580923109999276,81266.0,1000,1901
1212,1212,0.25826274099927105,81266.0,1000,1901
1213,1213,0.25843336999969324,81266.0,1000,1901
1214,1214,0.25860384599945974,81266.0,1000,1901
1215,1215,0.2587735189990781,81266.0,1000,1901
1216,1216,0.25894328899994434,81266.0,1000,1901
1217,1217,0.25911244899907615,81266.0,1000,1901
1218,1218,0.25928335199932917,81266.0,1000,1901
1219,1219,0.25945291700008966,81266.0,1000,1901
1220,1220,0.2596230229992216,81266.0,1000,1901
1221,1221,0.2597903679998126,81266.0,1000,1901
1222,1222,0.2599612119993253,81266.0,1000,1901
1223,1223,0.2601292649997049,81266.0,1000,1901
1224,1224,0.26032011099960073,81266.0,1000,1901
1225,1225,0.2604874529988592,81266.0,1000,1901
1226,1226,0.2606582789994718,81266.0,1000,1901
1227,1227,0.2608288169994921,81266.0,1000,1901
1228,1228,0.2610422719990311,81266.0,1000,1901
1229,1229,0.2612304109989054,81266.0,1000,1901
1230,1230,0.2614026909996028,81266.0,1000,1901
1231,1231,0.2615814999990107,81266.0,1000,1901
1232,1232,0.26175328099998296,81266.0,1000,1901
1233,1233,0.2619202799996856,81266.0,1000,1901
1234,1234,0.2620919609998964,81266.0,1000,1901
1235,1235,0.26226317299915536,81266.0,1000,1901
1236,1236,0.2624344079995353,81266.0,1000,1901
1237,1237,0.2626054299998941,81266.0,1000,1901
1238,1238,0.26277817899972433,81266.0,1000,1901
1239,1239,0.26295064199985063,81266.0,1000,1901
1240,1240,0.26312279400008265,81266.0,1000,1901
1241,1241,0.2632945249988552,81266.0,1000,1901
1242,1242,0.2634665959994891,81266.0,1000,1901
1243,1243,0.2636378719998902,81266.0,1000,1901
1244,1244,0.26380774899917014,81266.0,1000,1901
1245,1245,0.26398073000018485,81266.0,1000,1901
1246,1246,0.2641504919993167,81266.0,1000,1901
1247,1247,0.26434156899995287,81266.0,1000,1901
1248,1248,0.26451442200050224,81266.0,1000,1901
1249,1249,0.2646851119989151,81266.0,1000,1901
1250,1250,0.26485886099908384,81266.0,1000,1901
1251,1251,0.2650290910005424,81266.0,1000,1901
1252,1252,0.26520119399901887,81266.0,1000,1901
1253,1253,0.2653943759996764,81266.0,1000,1901
1254,1254,0.26559417699900223,81266.0,1000,1901
1255,1255,0.26576676799959387,81266.0,1000,1901
1256,1256,0.26593969999885303,81266.0,1000,1901
1257,1257,0.2661225480005669,81266.0,1000,1901
1258,1258,0.2663009289990441,81266.0,1000,1901
1259,1259,0.26647486399997433,81266.0,1000,1901
1260,1260,0.26664857099967776,81266.0,1000,1901
1261,1261,0.2668203449993598,81266.0,1000,1901
1262,1262,0.2669920270000148,81266.0,1000,1901
1263,1263,0.2671650659995066,81266.0,1000,1901
1264,1264,0.2673367369989137,81266.0,1000,1901
1265,1265,0.2675073850004992,81266.0,1000,1901
1266,1266,0.26767929599918716,81266.0,1000,1901
1267,1267,0.26785491299960995,81266.0,1000,1901
1268,1268,0.26803472099891223,81266.0,1000,1901
1269,1269,0.26821010099956766,81266.0,1000,1901
1270,1270,0.26838451699950383,81266.0,1000,1901
1271,1271,0.2685585919989535,81266.0,1000,1901
1272,1272,0.26873032599905855,81266.0,1000,1901
1273,1273,0.2689007610006229,81266.0,1000,1901
1274,1274,0.26907627299988235,81266.0,1000,1901
1275,1275,0.26924972899905697,81266.0,1000,1901
1276,1276,0.2694222699992679,81266.0,1000,1901
1277,1277,0.2696037890000298,81266.0,1000,1901
1278,1278,0.2697793900006218,81266.0,1000,1901
1279,1279,0.26995323399933113,81266.0,1000,1901
1280,1280,0.27012815899979614,81266.0,1000,1901
1281,1281,0.2703024729999015,81266.0,1000,1901
1282,1282,0.27049551699929,81266.0,1000,1901
1283,1283,0.270671037998909,81266.0,1000,1901
1284,1284,0.2708439260004525,81266.0,1000,1901
1285,1285,0.2710163299998385,81268.0,1000,1901
1286,1286,0.2712216029995034,81268.0,1000,1901
1287,1287,0.27140396799950395,81268.0,1000,1901
1288,1288,0.2715813489994616,81268.0,1000,1901
1289,1289,0.27175766700020176,81268.0,1000,1901
1290,1290,0.2719323599994823,81268.0,1000,1901
1291,1291,0.2721070719999261,81268.0,1000,1901
1292,1292,0.27228230699984124,81268.0,1000,1901
1293,1293,0.27245766799933335,81268.0,1000,1901
1294,1294,0.272630322000623,81268.0,1000,1901
1295,1295,0.2728030159996706,81268.0,1000,1901
1296,1296,0.2729776870000933,81268.0,1000,1901
1297,1297,0.27315204499973333,81268.0,1000,1901
1298,1298,0.2733241709993308,81268.0,1000,1901
1299,1299,0.2735157890001574,81268.0,1000,1901
1300,1300,0.2737007639989315,81268.0,1000,1901
1301,1301,0.27387671199903707,81268.0,1000,1901
1302,1302,0.28552015099921846,81268.0,1000,1901
1303,1303,0.2857348090001324,81268.0,1000,1901
1304,1304,0.2859296679998806,81268.0,1000,1901
1305,1305,0.2861097009990772,81268.0,1000,1901
1306,1306,0.2862910709991411,81268.0,1000,1901
1307,1307,0.28648343999884673,81268.0,1000,1901
1308,1308,0.28666839200013783,81268.0,1000,1901
1309,1309,0.2868451489994186,81268.0,1000,1901
1310,1310,0.28702043799967214,81268.0,1000,1901
1311,1311,0.2871993480002857,81268.0,1000,1901
1312,1312,0.2873744919997989,81268.0,1000,1901
1313,1313,0.2875528189997567,81268.0,1000,1901
1314,1314,0.28772912199929124,81268.0,1000,1901
1315,1315,0.28790295500039065,81268.0,1000,1901
1316,1316,0.2880770419997134,81268.0,1000,1901
1317,1317,0.2882535030003055,81268.0,1000,1901
1318,1318,0.28843275399958657,81268.0,1000,1901
1319,1319,0.28860711900051683,81268.0,1000,1901
1320,1320,0.28878561800047464,81268.0,1000,1901
1321,1321,0.28896251900005154,81268.0,1000,1901
1322,1322,0.289138030999311,81268.0,1000,1901
1323,1323,0.28932716800045455,81268.0,1000,1901
1324,1324,0.28952760100037267,81268.0,1000,1901
1325,1325,0.2897080589991674,81268.0,1000,1901
1326,1326,0.28988615500020387,81268.0,1000,1901
1327,1327,0.29006432599999243,81268.0,1000,1901
1328,1328,0.29024362100062717,81268.0,1000,1901
1329,1329,0.29042293000020436,81268.0,1000,1901
1330,1330,0.2905990939998446,81268.0,1000,1901
1331,1331,0.29078936999940197,81268.0,1000,1901
1332,1332,0.2909779740002705,81268.0,1000,1901
1333,1333,0.2911558289997629,81268.0,1000,1901
1334,1334,0.291332885999509,81268.0,1000,1901
1335,1335,0.29152503099976457,81268.0,1000,1901
1336,1336,0.29171001199938473,81268.0,1000,1901
1337,1337,0.291889796999385,81268.0,1000,1901
1338,1338,0.29206986600001983,81268.0,1000,1901
1339,1339,0.29224951600008353,81268.0,1000,1901
1340,1340,0.2924278360005701,81268.0,1000,1901
1341,1341,0.2926072619993647,81268.0,1000,1901
1342,1342,0.29278442099894164,81268.0,1000,1901
1343,1343,0.2929651609993016,81268.0,1000,1901
1344,1344,0.2931429889995343,81268.0,1000,1901
1345,1345,0.29332336299921735,81268.0,1000,1901
1346,1346,0.2935127389991976,81268.0,1000,1901
1347,1347,0.29369305100044585,81268.0,1000,1901
1348,1348,0.2938736189989868,81268.0,1000,1901
1349,1349,0.2940516260005097,81268.0,1000,1901
1350,1350,0.29423192300055234,81268.0,1000,1901
1351,1351,0.2944123100005527,81268.0,1000,1901
1352,1352,0.2945895529992413,81268.0,1000,1901
1353,1353,0.2947676280000451,81268.0,1000,1901
1354,1354,0.2949480900006165,81268.0,1000,1901
1355,1355,0.29512712199903035,81268.0,1000,1901
1356,1356,0.2953087730002153,81268.0,1000,1901
1357,1357,0.2954873740000039,81268.0,1000,1901
1358,1358,0.2956656259993906,81268.0,1000,1901
1359,1359,0.2958438120003848,81268.0,1000,1901
1360,1360,0.29604185499920277,81268.0,1000,1901
1361,1361,0.2962233689995628,81268.0,1000,1901
1362,1362,0.2964008469989494,81268.0,1000,1901
1363,1363,0.2965937059998396,81268.0,1000,1901
1364,1364,0.2967768670005171,81268.0,1000,1901
1365,1365,0.2969582959995023,81268.0,1000,1901
1366,1366,0.2971396539996931,81268.0,1000,1901
1367,1367,0.29731998999886855,81268.0,1000,1901
1368,1368,0.2975173390004784,81268.0,1000,1901
1369,1369,0.29770911000014166,81268.0,1000,1901
1370,1370,0.2978886179989786,81268.0,1000,1901
1371,1371,0.2980672020003112,81268.0,1000,1901
1372,1372,0.2982487159988523,81268.0,1000,1901
1373,1373,0.2984295629994449,81268.0,1000,1901
1374,1374,0.2986100620000798,81268.0,1000,1901
1375,1375,0.29879114200048207,81268.0,1000,1901
1376,1376,0.298969784998917,81268.0,1000,1901
1377,1377,0.29915141799938283,81268.0,1000,1901
1378,1378,0.2994005879991164,81268.0,1000,1901
1379,1379,0.29970454199974483,81268.0,1000,1901
1380,1380,0.2999449809994985,81268.0,1000,1901
1381,1381,0.30024563999904785,81268.0,1000,1901
1382,1382,0.3004464519999601,81268.0,1000,1901
1383,1383,0.3006301679997705,81268.0,1000,1901
1384,1384,0.3008143389997713,81268.0,1000,1901
1385,1385,0.30102507999981754,81268.0,1000,1901
1386,1386,0.301241058999949,81268.0,1000,1901
1387,1387,0.30144328700043843,81268.0,1000,1901
1388,1388,0.30165389600006165,81268.0,1000,1901
1389,1389,0.3018436839993228,81268.0,1000,1901
1390,1390,0.3020243549999577,81268.0,1000,1901
1391,1391,0.3022076220004237,81268.0,1000,1901
1392,1392,0.30239153299953614,81268.0,1000,1901
1393,1393,0.3025740150005731,81268.0,1000,1901
1394,1394,0.3027576719996432,81268.0,1000,1901
1395,1395,0.30294136900010926,81268.0,1000,1901
1396,1396,0.30312433799917926,81268.0,1000,1901
1397,1397,0.3033084999988205,81268.0,1000,1901
1398,1398,0.30349358999956166,81268.0,1000,1901
1399,1399,0.3036772399991605,81268.0,1000,1901
1400,1400,0.30385984199892846,81268.0,1000,1901
1401,1401,0.30404499799988116,81268.0,1000,1901
1402,1402,0.3165246219996334,81268.0,1000,1901
1403,1403,0.3167298709995521,81268.0,1000,1901
1404,1404,0.3169344429988996,81268.0,1000,1901
1405,1405,0.3171260050003184,81268.0,1000,1901
1406,1406,0.31731642600061605,81268.0,1000,1901
1407,1407,0.31752132200017513,81268.0,1000,1901
1408,1408,0.31771807999939483,81268.0,1000,1901
1409,1409,0.3179257729989331,81268.0,1000,1901
1410,1410,0.31810865399893373,81268.0,1000,1901
1411,1411,0.31829405600001337,81268.0,1000,1901
1412,1412,0.31847981099963363,81268.0,1000,1901
1413,1413,0.31866249199993035,81268.0,1000,1901
1414,1414,0.31884896799965645,81268.0,1000,1901
1415,1415,0.31903547599904414,81268.0,1000,1901
1416,1416,0.3192190989993833,81268.0,1000,1901
1417,1417,0.3194016809993627,81268.0,1000,1901
1418,1418,0.31958597999982885,81268.0,1000,1901
1419,1419,0.31977234599980875,81268.0,1000,1901
1420,1420,0.3199596329995984,81268.0,1000,1901
1421,1421,0.32014347599942994,81268.0,1000,1901
1422,1422,0.3203291800000443,81268.0,1000,1901
1423,1423,0.3205157649990724,81268.0,1000,1901
1424,1424,0.3207009300003847,81268.0,1000,1901
1425,1425,0.32088816999930714,81268.0,1000,1901
1426,1426,0.3210747760003869,81268.0,1000,1901
1427,1427,0.3212611460003245,81268.0,1000,1901
1428,1428,0.3214625669988891,81268.0,1000,1901
1429,1429,0.3216682829988713,81268.0,1000,1901
1430,1430,0.3218555869989359,81268.0,1000,1901
1431,1431,0.322058391999235,81268.0,1000,1901
1432,1432,0.3222450659995957,81268.0,1000,1901
1433,1433,0.3224334179994912,81268.0,1000,1901
1434,1434,0.32262208300016937,81268.0,1000,1901
1435,1435,0.3228064889990492,81268.0,1000,1901
1436,1436,0.3229930140005308,81268.0,1000,1901
1437,1437,0.3231815479994111,81268.0,1000,1901
1438,1438,0.32336884699907387,81268.0,1000,1901
1439,1439,0.3235558239994134,81268.0,1000,1901
1440,1440,0.3237422889997106,81268.0,1000,1901
1441,1441,0.32392732399966917,81268.0,1000,1901
1442,1442,0.324113488999501,81268.0,1000,1901
1443,1443,0.32430261399895244,81268.0,1000,1901
1444,1444,0.32449177200032864,81268.0,1000,1901
1445,1445,0.3246770389996527,81268.0,1000,1901
1446,1446,0.3248647370000981,81268.0,1000,1901
1447,1447,0.3250530120003532,81268.0,1000,1901
1448,1448,0.3252405240000371,81268.0,1000,1901
1449,1449,0.32542522400035523,81268.0,1000,1901
1450,1450,0.3256402139995771,81268.0,1000,1901
1451,1451,0.32582686000023386,81268.0,1000,1901
1452,1452,0.32601378799881786,81268.0,1000,1901
1453,1453,0.32620127699919976,81268.0,1000,1901
1454,1454,0.3263853789994755,81268.0,1000,1901
1455,1455,0.3265907499990135,81268.0,1000,1901
1456,1456,0.32677484299892967,81268.0,1000,1901
1457,1457,0.3269744819990592,81268.0,1000,1901
1458,1458,0.3271650690003298,81268.0,1000,1901
1459,1459,0.3273534039999504,81268.0,1000,1901
1460,1460,0.3275387439989572,81268.0,1000,1901
1461,1461,0.32772715499959304,81268.0,1000,1901
1462,1462,0.32791573099893867,81268.0,1000,1901
1463,1463,0.3281034430001455,81268.0,1000,1901
1464,1464,0.3282930139994278,81268.0,1000,1901
1465,1465,0.3284814879989426,81268.0,1000,1901
1466,1466,0.3286699239997688,81268.0,1000,1901
1467,1467,0.32885846399949514,81268.0,1000,1901
1468,1468,0.3290447019990097,81268.0,1000,1901
1469,1469,0.3292337189996033,81268.0,1000,1901
1470,1470,0.32942261599964695,81268.0,1000,1901
1471,1471,0.3296392649990594,81268.0,1000,1901
1472,1472,0.32982982199973776,81268.0,1000,1901
1473,1473,0.33002061799925286,81268.0,1000,1901
1474,1474,0.33020673899955,81268.0,1000,1901
1475,1475,0.330394262999107,81268.0,1000,1901
1476,1476,0.33058160600012343,81268.0,1000,1901
1477,1477,0.33076946799883444,81268.0,1000,1901
1478,1478,0.33095922599932237,81268.0,1000,1901
1479,1479,0.33114744299928134,81268.0,1000,1901
1480,1480,0.3313346510003612,81268.0,1000,1901
1481,1481,0.33153734500046994,81268.0,1000,1901
1482,1482,0.3317364109989285,81268.0,1000,1901
1483,1483,0.3319238949989085,81268.0,1000,1901
1484,1484,0.3321237549989746,81268.0,1000,1901
1485,1485,0.3323183769989555,81268.0,1000,1901
1486,1486,0.3325068390004162,81268.0,1000,1901
1487,1487,0.33269574099904275,81268.0,1000,1901
1488,1488,0.33288627000001725,81268.0,1000,1901
1489,1489,0.3330773500001669,81268.0,1000,1901
1490,1490,0.3332654280002316,81268.0,1000,1901
1491,1491,0.33345696899959876,81268.0,1000,1901
1492,1492,0.33367653799905383,81268.0,1000,1901
1493,1493,0.33386634700036666,81268.0,1000,1901
1494,1494,0.3340569179999875,81268.0,1000,1901
1495,1495,0.3342475259996718,81268.0,1000,1901
1496,1496,0.3344400839996524,81268.0,1000,1901
1497,1497,0.3346533299991279,81268.0,1000,1901
1498,1498,0.3348456370003987,81268.0,1000,1901
1499,1499,0.3350367909988563,81268.0,1000,1901
1500,1500,0.33522827299930213,81268.0,1000,1901
1501,1501,0.335419486000319,81268.0,1000,1901
1502,1502,0.34823272900030133,81268.0,1000,1901
1503,1503,0.3484473030002846,81268.0,1000,1901
1504,1504,0.348647560000245,81268.0,1000,1901
1505,1505,0.34884599299948604,81268.0,1000,1901
1506,1506,0.3490430120000383,81268.0,1000,1901
1507,1507,0.3492360589989403,81268.0,1000,1901
1508,1508,0.34943165900040185,81268.0,1000,1901
1509,1509,0.34967179799969017,81268.0,1000,1901
1510,1510,0.3498716529993544,81268.0,1000,1901
1511,1511,0.3500656349988276,81268.0,1000,1901
1512,1512,0.3502600520005217,81268.0,1000,1901
1513,1513,0.3504534949988738,81268.0,1000,1901
1514,1514,0.35064692800006014,81268.0,1000,1901
1515,1515,0.35084160499900463,81268.0,1000,1901
1516,1516,0.3510359880001488,81268.0,1000,1901
1517,1517,0.35123059199941054,81268.0,1000,1901
1518,1518,0.3514236230003007,81268.0,1000,1901
1519,1519,0.35161378199882165,81268.0,1000,1901
1520,1520,0.3518080760004523,81268.0,1000,1901
1521,1521,0.3520194869997795,81268.0,1000,1901
1522,1522,0.35221402999923157,81268.0,1000,1901
1523,1523,0.3524164859991288,81268.0,1000,1901
1524,1524,0.352612737000527,81268.0,1000,1901
1525,1525,0.3528070470001694,81268.0,1000,1901
1526,1526,0.35300197300057334,81268.0,1000,1901
1527,1527,0.35319445399909455,81268.0,1000,1901
1528,1528,0.3533884730004502,81268.0,1000,1901
1529,1529,0.3535916319997341,81268.0,1000,1901
1530,1530,0.3537892069998634,81268.0,1000,1901
1531,1531,0.35398480299954826,81268.0,1000,1901
1532,1532,0.35417990399946575,81268.0,1000,1901
1533,1533,0.3543731339996157,81268.0,1000,1901
1534,1534,0.3545641099990462,81268.0,1000,1901
1535,1535,0.35475546999987273,81268.0,1000,1901
1536,1536,0.35494564100008574,81268.0,1000,1901
1537,1537,0.3551406099995802,81268.0,1000,1901
1538,1538,0.3553352389990323,81268.0,1000,1901
1539,1539,0.35552935899977456,81268.0,1000,1901
1540,1540,0.35572074399897247,81268.0,1000,1901
1541,1541,0.3559156749997783,81268.0,1000,1901
1542,1542,0.35610717099916656,81268.0,1000,1901
1543,1543,0.35629881599925284,81268.0,1000,1901
1544,1544,0.356493301998853,81268.0,1000,1901
1545,1545,0.3566880289999972,81268.0,1000,1901
1546,1546,0.3568832429991744,81268.0,1000,1901
1547,1547,0.35709982099979243,81268.0,1000,1901
1548,1548,0.3572948010005348,81268.0,1000,1901
1549,1549,0.3575190030005615,81268.0,1000,1901
1550,1550,0.35772649699902104,81268.0,1000,1901
1551,1551,0.35792238599970005,81268.0,1000,1901
1552,1552,0.3581191489993216,81268.0,1000,1901
1553,1553,0.35831140899972524,81268.0,1000,1901
1554,1554,0.3585069439996005,81268.0,1000,1901
1555,1555,0.35870223799975065,81268.0,1000,1901
1556,1556,0.3588984449997952,81268.0,1000,1901
1557,1557,0.35909392299981846,81268.0,1000,1901
1558,1558,0.359289815000011,81268.0,1000,1901
1559,1559,0.35948191699935705,81268.0,1000,1901
1560,1560,0.35967475500001456,81268.0,1000,1901
1561,1561,0.3598716689994035,81268.0,1000,1901
1562,1562,0.3600648550000187,81268.0,1000,1901
1563,1563,0.3602618069999153,81268.0,1000,1901
1564,1564,0.360459161000108,81268.0,1000,1901
1565,1565,0.3606563479988836,81268.0,1000,1901
1566,1566,0.36085025200009113,81268.0,1000,1901
1567,1567,0.361045400999501,81268.0,1000,1901
1568,1568,0.36124261999975715,81268.0,1000,1901
1569,1569,0.36143957499916723,81268.0,1000,1901
1570,1570,0.36164706499948807,81268.0,1000,1901
1571,1571,0.3618444849998923,81268.0,1000,1901
1572,1572,0.36209042799964664,81268.0,1000,1901
1573,1573,0.3623081679997995,81268.0,1000,1901
1574,1574,0.36251491899929533,81268.0,1000,1901
1575,1575,0.36271327400027076,81268.0,1000,1901
1576,1576,0.3629125400002522,81268.0,1000,1901
1577,1577,0.3631081589992391,81268.0,1000,1901
1578,1578,0.36330441199970664,81268.0,1000,1901
1579,1579,0.36350255199977255,81268.0,1000,1901
1580,1580,0.36370049499964807,81268.0,1000,1901
1581,1581,0.363898720999714,81268.0,1000,1901
1582,1582,0.36409342200022365,81268.0,1000,1901
1583,1583,0.36429006199978176,81268.0,1000,1901
1584,1584,0.3644966449992353,81268.0,1000,1901
1585,1585,0.3646999760003382,81268.0,1000,1901
1586,1586,0.3648979829995369,81268.0,1000,1901
1587,1587,0.3650961000003008,81268.0,1000,1901
1588,1588,0.3652942919998168,81268.0,1000,1901
1589,1589,0.3655061179997574,81268.0,1000,1901
1590,1590,0.3657159809990844,81268.0,1000,1901
1591,1591,0.3659144249995734,81268.0,1000,1901
1592,1592,0.3661155569989205,81268.0,1000,1901
1593,1593,0.366315441999177,81268.0,1000,1901
1594,1594,0.3665133569993486,81268.0,1000,1901
1595,1595,0.3667094800002815,81268.0,1000,1901
1596,1596,0.36690769199958595,81268.0,1000,1901
1597,1597,0.3671063759993558,81268.0,1000,1901
1598,1598,0.36731514199891535,81268.0,1000,1901
1599,1599,0.36752653399889823,81268.0,1000,1901
1600,1600,0.3677302369997051,81268.0,1000,1901
1601,1601,0.36792965899985575,81268.0,1000,1901
1602,1602,0.38141882399941096,81268.0,1000,1901
1603,1603,0.38167026299925055,81268.0,1000,1901
1604,1604,0.3818742969997402,81268.0,1000,1901
1605,1605,0.3820756810000603,81268.0,1000,1901
1606,1606,0.38227958400057105,81268.0,1000,1901
1607,1607,0.3824937139997928,81268.0,1000,1901
1608,1608,0.3827081879990146,81268.0,1000,1901
1609,1609,0.3829119599995465,81268.0,1000,1901
1610,1610,0.3831276210003125,81268.0,1000,1901
1611,1611,0.38334142599887855,81268.0,1000,1901
1612,1612,0.38357978299973183,81268.0,1000,1901
1613,1613,0.38381443199978094,81268.0,1000,1901
1614,1614,0.3840480449998722,81268.0,1000,1901
1615,1615,0.3842824620005558,81268.0,1000,1901
1616,1616,0.3845141990004777,81268.0,1000,1901
1617,1617,0.3847611759993015,81268.0,1000,1901
1618,1618,0.3849664949993894,81268.0,1000,1901
1619,1619,0.3852260589992511,81268.0,1000,1901
1620,1620,0.38543204099914874,81268.0,1000,1901
1621,1621,0.3856880570001522,81268.0,1000,1901
1622,1622,0.38592000199969334,81268.0,1000,1901
1623,1623,0.3861506899993401,81268.0,1000,1901
1624,1624,0.3863857830001507,81268.0,1000,1901
1625,1625,0.3866150859994377,81268.0,1000,1901
1626,1626,0.38686495999900217,81268.0,1000,1901
1627,1627,0.3870823979996203,81268.0,1000,1901
1628,1628,0.3873346540003695,81268.0,1000,1901
1629,1629,0.3875642279999738,81268.0,1000,1901
1630,1630,0.3878457199989498,81268.0,1000,1901
1631,1631,0.38805999099895416,81268.0,1000,1901
1632,1632,0.3883150090005074,81268.0,1000,1901
1633,1633,0.388530725000237,81268.0,1000,1901
1634,1634,0.3887334289993305,81268.0,1000,1901
1635,1635,0.38893171699965023,81268.0,1000,1901
1636,1636,0.389132950000203,81268.0,1000,1901
1637,1637,0.38933399000052304,81268.0,1000,1901
1638,1638,0.3895650159993238,81268.0,1000,1901
1639,1639,0.38978261100055533,81268.0,1000,1901
1640,1640,0.3899831919989083,81268.0,1000,1901
1641,1641,0.3901875060000748,81268.0,1000,1901
1642,1642,0.39039149999916845,81268.0,1000,1901
1643,1643,0.39059442299912916,81268.0,1000,1901
1644,1644,0.39079694999963976,81268.0,1000,1901
1645,1645,0.3909998719991563,81268.0,1000,1901
1646,1646,0.39120193000053405,81268.0,1000,1901
1647,1647,0.39140132799911953,81268.0,1000,1901
1648,1648,0.391605274999165,81268.0,1000,1901
1649,1649,0.39180608700007724,81268.0,1000,1901
1650,1650,0.3920097070003976,81268.0,1000,1901
1651,1651,0.39221406999968167,81268.0,1000,1901
1652,1652,0.39241869099896576,81268.0,1000,1901
1653,1653,0.39262984299966774,81268.0,1000,1901
1654,1654,0.39284894299998996,81268.0,1000,1901
1655,1655,0.39305401599995093,81268.0,1000,1901
1656,1656,0.3932585319998907,81268.0,1000,1901
1657,1657,0.3934609690004436,81268.0,1000,1901
1658,1658,0.3936933160002809,81268.0,1000,1901
1659,1659,0.39389464699888777,81268.0,1000,1901
1660,1660,0.3940951770000538,81268.0,1000,1901
1661,1661,0.3942993660002685,81268.0,1000,1901
1662,1662,0.39450317099908716,81268.0,1000,1901
1663,1663,0.39470805800010567,81268.0,1000,1901
1664,1664,0.39491230999919935,81268.0,1000,1901
1665,1665,0.3951136380001117,81268.0,1000,1901
1666,1666,0.3953155710005376,81268.0,1000,1901
1667,1667,0.3955206899991026,81268.0,1000,1901
1668,1668,0.3957264149994444,81268.0,1000,1901
1669,1669,0.39593144100035715,81268.0,1000,1901
1670,1670,0.39613446299881616,81268.0,1000,1901
1671,1671,0.396340027999031,81268.0,1000,1901
1672,1672,0.39654483199956303,81268.0,1000,1901
1673,1673,0.3967474889996083,81268.0,1000,1901
1674,1674,0.39695218199994997,81268.0,1000,1901
1675,1675,0.3971571439997206,81268.0,1000,1901
1676,1676,0.39736214299955464,81268.0,1000,1901
1677,1677,0.3976093090004724,81268.0,1000,1901
1678,1678,0.3978245469988906,81268.0,1000,1901
1679,1679,0.3980421029991703,81268.0,1000,1901
1680,1680,0.3982481339990045,81268.0,1000,1901
1681,1681,0.3984547609998117,81268.0,1000,1901
1682,1682,0.39865988599922275,81268.0,1000,1901
1683,1683,0.398865694000051,81268.0,1000,1901
1684,1684,0.3990680530005193,81268.0,1000,1901
1685,1685,0.3992736309992324,81268.0,1000,1901
1686,1686,0.39947614799893927,81268.0,1000,1901
1687,1687,0.39968204899923876,81268.0,1000,1901
1688,1688,0.39988637100032065,81268.0,1000,1901
1689,1689,0.4000930399997742,81268.0,1000,1901
1690,1690,0.40029795699956594,81268.0,1000,1901
1691,1691,0.4005013179994421,81268.0,1000,1901
1692,1692,0.4007044259997201,81268.0,1000,1901
1693,1693,0.4009102330001042,81268.0,1000,1901
1694,1694,0.4011134680004034,81268.0,1000,1901
1695,1695,0.4013189510005759,81268.0,1000,1901
1696,1696,0.4015530579999904,81268.0,1000,1901
1697,1697,0.4017613079995499,81268.0,1000,1901
1698,1698,0.40196398599982786,81268.0,1000,1901
1699,1699,0.40217049899911217,81268.0,1000,1901
1700,1700,0.40237412599890376,81268.0,1000,1901
1701,1701,0.40258082800028205,81268.0,1000,1901
1702,1702,0.4165429709992168,81268.0,1000,1901
1703,1703,0.41677292799977295,81268.0,1000,1901
1704,1704,0.41698812399954477,81268.0,1000,1901
1705,1705,0.41720095399978163,81268.0,1000,1901
1706,1706,0.41740972499974305,81268.0,1000,1901
1707,1707,0.4176471489990945,81268.0,1000,1901
1708,1708,0.41785505000007106,81268.0,1000,1901
1709,1709,0.4180814810006268,81268.0,1000,1901
1710,1710,0.4183033979988977,81268.0,1000,1901
1711,1711,0.4185144700004457,81268.0,1000,1901
1712,1712,0.418720890998884,81268.0,1000,1901
1713,1713,0.4189294810003048,81268.0,1000,1901
1714,1714,0.4191380140000547,81268.0,1000,1901
1715,1715,0.41934691999995266,81268.0,1000,1901
1716,1716,0.41955531599887763,81268.0,1000,1901
1717,1717,0.4197635460004676,81268.0,1000,1901
1718,1718,0.4199700829994981,81268.0,1000,1901
1719,1719,0.42017500499969174,81268.0,1000,1901
1720,1720,0.42038274399965303,81268.0,1000,1901
1721,1721,0.42059161699944525,81268.0,1000,1901
1722,1722,0.4207999979989836,81268.0,1000,1901
1723,1723,0.4210081530000025,81268.0,1000,1901
1724,1724,0.4212175100001332,81268.0,1000,1901
1725,1725,0.42142362899903674,81268.0,1000,1901
1726,1726,0.4216575489990646,81268.0,1000,1901
1727,1727,0.4218639760001679,81268.0,1000,1901
1728,1728,0.4220692529997905,81268.0,1000,1901
1729,1729,0.4222790639996674,81268.0,1000,1901
1730,1730,0.42248531599943817,81268.0,1000,1901
1731,1731,0.4226905079995049,81268.0,1000,1901
1732,1732,0.4228962359993602,81268.0,1000,1901
1733,1733,0.4231140769988997,81268.0,1000,1901
1734,1734,0.42333518699888373,81268.0,1000,1901
1735,1735,0.4235498859998188,81268.0,1000,1901
1736,1736,0.4237599419993785,81268.0,1000,1901
1737,1737,0.42396704699967813,81268.0,1000,1901
1738,1738,0.42417682300037995,81268.0,1000,1901
1739,1739,0.42438530499930494,81268.0,1000,1901
1740,1740,0.424595999000303,81268.0,1000,1901
1741,1741,0.42480697099927056,81268.0,1000,1901
1742,1742,0.4250159690000146,81268.0,1000,1901
1743,1743,0.4252243230002932,81268.0,1000,1901
1744,1744,0.4254368629990495,81268.0,1000,1901
1745,1745,0.42565880099937203,81268.0,1000,1901
1746,1746,0.4258708209999895,81268.0,1000,1901
1747,1747,0.4260827029993379,81268.0,1000,1901
1748,1748,0.4262938089996169,81268.0,1000,1901
1749,1749,0.42650510000021313,81268.0,1000,1901
1750,1750,0.426717058999202,81268.0,1000,1901
1751,1751,0.4269285749996925,81268.0,1000,1901
1752,1752,0.42713648899916734,81268.0,1000,1901
1753,1753,0.4273479759995098,81268.0,1000,1901
1754,1754,0.42755923500044446,81268.0,1000,1901
1755,1755,0.4277702039998985,81268.0,1000,1901
1756,1756,0.4279818939994584,81268.0,1000,1901
1757,1757,0.4282068219999928,81268.0,1000,1901
1758,1758,0.4284274010005902,81268.0,1000,1901
1759,1759,0.42863962599949446,81268.0,1000,1901
1760,1760,0.42885225899954094,81268.0,1000,1901
1761,1761,0.429064837999249,81268.0,1000,1901
1762,1762,0.4292748629995913,81268.0,1000,1901
1763,1763,0.42950448599913216,81268.0,1000,1901
1764,1764,0.4297288830002799,81268.0,1000,1901
1765,1765,0.4299377219995222,81268.0,1000,1901
1766,1766,0.4301471290000336,81268.0,1000,1901
1767,1767,0.43035884900018573,81268.0,1000,1901
1768,1768,0.4305729349998728,81268.0,1000,1901
1769,1769,0.4307862669993483,81268.0,1000,1901
1770,1770,0.43100023199986026,81268.0,1000,1901
1771,1771,0.43121167800018156,81268.0,1000,1901
1772,1772,0.43142419399919163,81268.0,1000,1901
1773,1773,0.4316365840004437,81268.0,1000,1901
1774,1774,0.43184984700019413,81268.0,1000,1901
1775,1775,0.432062636999035,81268.0,1000,1901
1776,1776,0.4322750419996737,81268.0,1000,1901
1777,1777,0.43248475399923336,81268.0,1000,1901
1778,1778,0.43269388400040043,81268.0,1000,1901
1779,1779,0.43290609199902974,81268.0,1000,1901
1780,1780,0.4331300239991833,81268.0,1000,1901
1781,1781,0.43334737499935727,81268.0,1000,1901
1782,1782,0.43357768100031535,81268.0,1000,1901
1783,1783,0.433791518000362,81268.0,1000,1901
1784,1784,0.4340054579988646,81268.0,1000,1901
1785,1785,0.43421913999918615,81268.0,1000,1901
1786,1786,0.43443196000043827,81268.0,1000,1901
1787,1787,0.4346446109993849,81268.0,1000,1901
1788,1788,0.434857046999241,81268.0,1000,1901
1789,1789,0.4350667090002389,81268.0,1000,1901
1790,1790,0.435281431000476,81268.0,1000,1901
1791,1791,0.43549080199954915,81268.0,1000,1901
1792,1792,0.4357043519994477,81268.0,1000,1901
1793,1793,0.4359147559989651,81268.0,1000,1901
1794,1794,0.43612837299951934,81268.0,1000,1901
1795,1795,0.43634098999973503,81268.0,1000,1901
1796,1796,0.4365549630001624,81268.0,1000,1901
1797,1797,0.4367666919988551,81268.0,1000,1901
1798,1798,0.4369768569995358,81268.0,1000,1901
1799,1799,0.4371919160003017,81268.0,1000,1901
1800,1800,0.43740414700005203,81268.0,1000,1901
1801,1801,0.43764492300033453,81268.0,1000,1901
1802,1802,0.45206892100031837,81268.0,1000,1901
1803,1803,0.4523079449991201,81268.0,1000,1901
1804,1804,0.45253220799895644,81268.0,1000,1901
1805,1805,0.4527528269991308,81268.0,1000,1901
1806,1806,0.4529709639991779,81268.0,1000,1901
1807,1807,0.4531886949989712,81268.0,1000,1901
1808,1808,0.45342151099976036,81268.0,1000,1901
1809,1809,0.4536854950001725,81268.0,1000,1901
1810,1810,0.4539099289995647,81268.0,1000,1901
1811,1811,0.4541281940000772,81268.0,1000,1901
1812,1812,0.45434531399951084,81268.0,1000,1901
1813,1813,0.45456193599966355,81268.0,1000,1901
1814,1814,0.45478016900051443,81268.0,1000,1901
1815,1815,0.4549968440005614,81268.0,1000,1901
1816,1816,0.4552099949996773,81268.0,1000,1901
1817,1817,0.45542568000018946,81268.0,1000,1901
1818,1818,0.4556423550002364,81268.0,1000,1901
1819,1819,0.4558588290001353,81268.0,1000,1901
1820,1820,0.4560752739998861,81268.0,1000,1901
1821,1821,0.45629202400050417,81268.0,1000,1901
1822,1822,0.4565089520001493,81268.0,1000,1901
1823,1823,0.45672357299918076,81268.0,1000,1901
1824,1824,0.45693733299958694,81268.0,1000,1901
1825,1825,0.45715355100037414,81268.0,1000,1901
1826,1826,0.4573666209998919,81268.0,1000,1901
1827,1827,0.4575916510002571,81268.0,1000,1901
1828,1828,0.457815132000178,81268.0,1000,1901
1829,1829,0.4580328659994848,81268.0,1000,1901
1830,1830,0.45824864499991236,81268.0,1000,1901
1831,1831,0.45847803200013004,81268.0,1000,1901
1832,1832,0.4587146319991007,81268.0,1000,1901
1833,1833,0.45895408899923495,81268.0,1000,1901
1834,1834,0.4591740800005937,81268.0,1000,1901
1835,1835,0.45939091599939275,81268.0,1000,1901
1836,1836,0.45960977299910155,81268.0,1000,1901
1837,1837,0.45982917599940265,81268.0,1000,1901
1838,1838,0.46004524099953414,81268.0,1000,1901
1839,1839,0.46026258599886205,81268.0,1000,1901
1840,1840,0.46048114400036866,81268.0,1000,1901
1841,1841,0.4606989709991467,81268.0,1000,1901
1842,1842,0.4609170620005898,81268.0,1000,1901
1843,1843,0.46113523399981204,81268.0,1000,1901
1844,1844,0.4613540310001554,81268.0,1000,1901
1845,1845,0.4616004809995502,81268.0,1000,1901
1846,1846,0.4618221669988998,81268.0,1000,1901
1847,1847,0.4620412579988624,81268.0,1000,1901
1848,1848,0.4622575539997342,81268.0,1000,1901
1849,1849,0.46247565699923143,81268.0,1000,1901
1850,1850,0.46269569200012484,81268.0,1000,1901
1851,1851,0.46291492599993944,81268.0,1000,1901
1852,1852,0.4631343969995214,81268.0,1000,1901
1853,1853,0.46335349699984363,81268.0,1000,1901
1854,1854,0.46358627200061164,81268.0,1000,1901
1855,1855,0.46381904299960297,81268.0,1000,1901
1856,1856,0.4640437029993336,81268.0,1000,1901
1857,1857,0.46426457000052324,81268.0,1000,1901
1858,1858,0.4644853449990478,81268.0,1000,1901
1859,1859,0.4647258339991822,81268.0,1000,1901
1860,1860,0.46494698700007575,81268.0,1000,1901
1861,1861,0.46516593900014414,81268.0,1000,1901
1862,1862,0.46538637400044536,81268.0,1000,1901
1863,1863,0.4656142869989708,81268.0,1000,1901
1864,1864,0.4658358329998009,81268.0,1000,1901
1865,1865,0.46605249799904414,81268.0,1000,1901
1866,1866,0.4662698680003814,81268.0,1000,1901
1867,1867,0.46649007499945583,81268.0,1000,1901
1868,1868,0.466710315000455,81268.0,1000,1901
1869,1869,0.46692983200046,81268.0,1000,1901
1870,1870,0.46714551399963966,81268.0,1000,1901
1871,1871,0.4673618399992847,81268.0,1000,1901
1872,1872,0.46757866999905673,81268.0,1000,1901
1873,1873,0.467799322999781,81268.0,1000,1901
1874,1874,0.46802045599906705,81268.0,1000,1901
1875,1875,0.46823929399943154,81268.0,1000,1901
1876,1876,0.4684569500004727,81268.0,1000,1901
1877,1877,0.4686871260000771,81268.0,1000,1901
1878,1878,0.4689228600000206,81268.0,1000,1901
1879,1879,0.46914841099896876,81268.0,1000,1901
1880,1880,0.4693689590003487,81268.0,1000,1901
1881,1881,0.4696148869988974,81268.0,1000,1901
1882,1882,0.46983824800008733,81268.0,1000,1901
1883,1883,0.4700598719991831,81268.0,1000,1901
1884,1884,0.4702810260005208,81268.0,1000,1901
1885,1885,0.4705001860002085,81268.0,1000,1901
1886,1886,0.4707172329999594,81268.0,1000,1901
1887,1887,0.4709386140002607,81268.0,1000,1901
1888,1888,0.4711598750000121,81268.0,1000,1901
1889,1889,0.47137981900050363,81268.0,1000,1901
1890,1890,0.47160166799949366,81268.0,1000,1901
1891,1891,0.47182261799935077,81268.0,1000,1901
1892,1892,0.472042330999102,81268.0,1000,1901
1893,1893,0.4722640149993822,81268.0,1000,1901
1894,1894,0.4724869059991761,81268.0,1000,1901
1895,1895,0.4727059540000482,81268.0,1000,1901
1896,1896,0.47292764600024384,81268.0,1000,1901
1897,1897,0.47315132599942444,81268.0,1000,1901
1898,1898,0.47337304599932395,81268.0,1000,1901
1899,1899,0.47360237800057803,81268.0,1000,1901
1900,1900,0.47383832199921017,81268.0,1000,1901
