,Iteration,Time,Fitness,Restarts,max_iters,current_restart
0,0,9.42070000746753e-05,59350.0,0,901,0
1,1,0.0004815159991267137,59350.0,0,901,0
2,2,0.004407766999065643,59350.0,0,901,0
3,3,0.004484133000005386,59746.0,0,901,0
4,4,0.004572726000333205,59746.0,0,901,0
5,5,0.004640343000573921,59761.0,0,901,0
6,6,0.004725015000076382,60385.0,0,901,0
7,7,0.00480889299979026,60511.0,0,901,0
8,8,0.004892348999419482,60666.0,0,901,0
9,9,0.004978124999979627,60666.0,0,901,0
10,10,0.005043189999923925,60866.0,0,901,0
11,11,0.005127066000568448,60866.0,0,901,0
12,12,0.0051925989992014365,61754.0,0,901,0
13,13,0.005276277999655576,61849.0,0,901,0
14,14,0.005359734999728971,61849.0,0,901,0
15,15,0.0054239709988905815,61849.0,0,901,0
16,16,0.00548882200018852,61849.0,0,901,0
17,17,0.005592273999354802,61849.0,0,901,0
18,18,0.005658707999828039,61849.0,0,901,0
19,19,0.005722363999666413,62187.0,0,901,0
20,20,0.00580773999899975,62187.0,0,901,0
21,21,0.0058738610005093506,62337.0,0,901,0
22,22,0.005958706000456004,62407.0,0,901,0
23,23,0.006043253999450826,62407.0,0,901,0
24,24,0.006108289999247063,62407.0,0,901,0
25,25,0.006172592000439181,62407.0,0,901,0
26,26,0.0062385750006797025,62473.0,0,901,0
27,27,0.00632349799889198,62485.0,0,901,0
28,28,0.006409136000002036,62485.0,0,901,0
29,29,0.006475673999375431,62485.0,0,901,0
30,30,0.006541816999742878,62628.0,0,901,0
31,31,0.006627422999372357,62628.0,0,901,0
32,32,0.006692994998957147,62628.0,0,901,0
33,33,0.006769748999431613,63156.0,0,901,0
34,34,0.006863509999675443,63156.0,0,901,0
35,35,0.00692992000040249,63156.0,0,901,0
36,36,0.006996052999966196,63156.0,0,901,0
37,37,0.007061917000100948,63156.0,0,901,0
38,38,0.007127462000426021,65214.0,0,901,0
39,39,0.007212706999780494,65823.0,0,901,0
40,40,0.007297193000340485,66021.0,0,901,0
41,41,0.007382575000519864,66615.0,0,901,0
42,42,0.007468351999705192,66615.0,0,901,0
43,43,0.0075353169995651115,66615.0,0,901,0
44,44,0.007602342999234679,66843.0,0,901,0
45,45,0.007688514000619762,66995.0,0,901,0
46,46,0.007775873998980387,66995.0,0,901,0
47,47,0.007843766999940271,66995.0,0,901,0
48,48,0.007911077000244404,66995.0,0,901,0
49,49,0.007977875999131356,67402.0,0,901,0
50,50,0.008063998000579886,67402.0,0,901,0
51,51,0.008132617000228493,67610.0,0,901,0
52,52,0.008219555000323453,67610.0,0,901,0
53,53,0.008283715998913976,67610.0,0,901,0
54,54,0.00835160899987386,67610.0,0,901,0
55,55,0.008418809000431793,67610.0,0,901,0
56,56,0.008486587999868789,67808.0,0,901,0
57,57,0.008573941999202361,67808.0,0,901,0
58,58,0.0086413499993796,67808.0,0,901,0
59,59,0.0087095369999588,67808.0,0,901,0
60,60,0.00877420699907816,67808.0,0,901,0
61,61,0.008841689999826485,67888.0,0,901,0
62,62,0.008929538998927455,67888.0,0,901,0
63,63,0.008997363000162295,67888.0,0,901,0
64,64,0.009062826000445057,67972.0,0,901,0
65,65,0.009151207999821054,67972.0,0,901,0
66,66,0.009230016999936197,68203.0,0,901,0
67,67,0.00932669000030728,68308.0,0,901,0
68,68,0.009414815000127419,68308.0,0,901,0
69,69,0.009480209000685136,68308.0,0,901,0
70,70,0.009600641000361065,68308.0,0,901,0
71,71,0.009666359999755514,68308.0,0,901,0
72,72,0.009734265999213676,68308.0,0,901,0
73,73,0.009803163999094977,68308.0,0,901,0
74,74,0.009868903000096907,68308.0,0,901,0
75,75,0.009933999999702792,68308.0,0,901,0
76,76,0.009998265999456635,68308.0,0,901,0
77,77,0.010065770999062806,68308.0,0,901,0
78,78,0.010134156000276562,68308.0,0,901,0
79,79,0.01020311499996751,68308.0,0,901,0
80,80,0.01027205500031414,68308.0,0,901,0
81,81,0.010340848999476293,68308.0,0,901,0
82,82,0.01040949699927296,68308.0,0,901,0
83,83,0.01047865699911199,68308.0,0,901,0
84,84,0.010547919999225996,68308.0,0,901,0
85,85,0.010616473999107257,68308.0,0,901,0
86,86,0.010686431000067387,68308.0,0,901,0
87,87,0.010755814999356517,68308.0,0,901,0
88,88,0.01082488599968201,68308.0,0,901,0
89,89,0.01089691800007131,68308.0,0,901,0
90,90,0.01096662700001616,68308.0,0,901,0
91,91,0.011036365000109072,68308.0,0,901,0
92,92,0.011105423000117298,68308.0,0,901,0
93,93,0.011171669999384903,68308.0,0,901,0
94,94,0.011237847000302281,68308.0,0,901,0
95,95,0.011307900998872356,68308.0,0,901,0
96,96,0.011375247999239946,68308.0,0,901,0
97,97,0.011442351000368944,68308.0,0,901,0
98,98,0.011508751998917433,68308.0,0,901,0
99,99,0.011575299999094568,68308.0,0,901,0
100,100,0.011644973999864305,68308.0,0,901,0
101,101,0.01171676500052854,68308.0,0,901,0
102,102,0.01636487999894598,68308.0,0,901,0
103,103,0.016445311999632395,68308.0,0,901,0
104,104,0.01651760499953525,68308.0,0,901,0
105,105,0.016592947000390268,68308.0,0,901,0
106,106,0.01666312399902381,68308.0,0,901,0
107,107,0.016733403999751317,68308.0,0,901,0
108,108,0.016800981999040232,68308.0,0,901,0
109,109,0.016872312999112182,68328.0,0,901,0
110,110,0.016977277000478352,68328.0,0,901,0
111,111,0.01705872099955741,68328.0,0,901,0
112,112,0.01712989999941783,68328.0,0,901,0
113,113,0.01720063900029345,68328.0,0,901,0
114,114,0.017271647000598023,68328.0,0,901,0
115,115,0.017343252000500797,68328.0,0,901,0
116,116,0.0174138780002977,68328.0,0,901,0
117,117,0.01748482199946011,68328.0,0,901,0
118,118,0.017566193000675412,68328.0,0,901,0
119,119,0.01763883000057831,68328.0,0,901,0
120,120,0.017708454999592504,68328.0,0,901,0
121,121,0.017780971000320278,68328.0,0,901,0
122,122,0.01785009800005355,68328.0,0,901,0
123,123,0.01792166799896222,68328.0,0,901,0
124,124,0.01799061299971072,68328.0,0,901,0
125,125,0.018059231999359326,68328.0,0,901,0
126,126,0.018131302998881438,68328.0,0,901,0
127,127,0.018205160999059444,68328.0,0,901,0
128,128,0.018276703000083216,68328.0,0,901,0
129,129,0.018348096000408987,68328.0,0,901,0
130,130,0.01842259200020635,68328.0,0,901,0
131,131,0.018497651999496156,68328.0,0,901,0
132,132,0.018571005999547197,68328.0,0,901,0
133,133,0.018646258999069687,68328.0,0,901,0
134,134,0.018720690999543876,68328.0,0,901,0
135,135,0.018792483999277465,68328.0,0,901,0
136,136,0.018863444000089657,68328.0,0,901,0
137,137,0.01893474700045772,68328.0,0,901,0
138,138,0.019005456999366288,68328.0,0,901,0
139,139,0.019076401000347687,68328.0,0,901,0
140,140,0.019146877999446588,68328.0,0,901,0
141,141,0.019217756000216468,68328.0,0,901,0
142,142,0.019292109000161872,68328.0,0,901,0
143,143,0.019364685998880304,68328.0,0,901,0
144,144,0.019460584000626113,68328.0,0,901,0
145,145,0.019533270999090746,68328.0,0,901,0
146,146,0.019604645000072196,68328.0,0,901,0
147,147,0.019678721999298432,68328.0,0,901,0
148,148,0.019750551000470296,68328.0,0,901,0
149,149,0.019828713000606513,68328.0,0,901,0
150,150,0.019904013999621384,68328.0,0,901,0
151,151,0.019975781000539428,68328.0,0,901,0
152,152,0.02005032899978687,68328.0,0,901,0
153,153,0.020123045000218553,68328.0,0,901,0
154,154,0.020198493999487255,68328.0,0,901,0
155,155,0.020274041999073233,68328.0,0,901,0
156,156,0.02035071499994956,68349.0,0,901,0
157,157,0.02044828399994003,68349.0,0,901,0
158,158,0.02052467700013949,68349.0,0,901,0
159,159,0.02059770999949251,68349.0,0,901,0
160,160,0.020674450999649707,68349.0,0,901,0
161,161,0.020748401000673766,68349.0,0,901,0
162,162,0.02082255399909627,68349.0,0,901,0
163,163,0.02089956599957077,68349.0,0,901,0
164,164,0.020973157999833347,68349.0,0,901,0
165,165,0.02105052600018098,68349.0,0,901,0
166,166,0.021124516999407206,68349.0,0,901,0
167,167,0.021201003999522072,68349.0,0,901,0
168,168,0.02127881299929868,68349.0,0,901,0
169,169,0.021356358000048203,68349.0,0,901,0
170,170,0.02143450999938068,68349.0,0,901,0
171,171,0.021508339999854797,68349.0,0,901,0
172,172,0.021610649000649573,68349.0,0,901,0
173,173,0.0216878329993051,68349.0,0,901,0
174,174,0.021768262999103172,68349.0,0,901,0
175,175,0.021842664000359946,68349.0,0,901,0
176,176,0.021920856999713578,68349.0,0,901,0
177,177,0.021995331000653096,68349.0,0,901,0
178,178,0.022090988999480032,68349.0,0,901,0
179,179,0.022169175999806612,68349.0,0,901,0
180,180,0.022247799999604467,68349.0,0,901,0
181,181,0.022322434999296092,68349.0,0,901,0
182,182,0.022400437999749556,68349.0,0,901,0
183,183,0.022478775999843492,68349.0,0,901,0
184,184,0.022554683999260305,68349.0,0,901,0
185,185,0.022630125999057782,68349.0,0,901,0
186,186,0.022705179999320535,68349.0,0,901,0
187,187,0.02278423799907614,68349.0,0,901,0
188,188,0.02285970499906398,68349.0,0,901,0
189,189,0.02293570300025749,68349.0,0,901,0
190,190,0.023016056999040302,68349.0,0,901,0
191,191,0.023091705999831902,68349.0,0,901,0
192,192,0.023170974000095157,68349.0,0,901,0
193,193,0.02324942899940652,68349.0,0,901,0
194,194,0.02332860900060041,68349.0,0,901,0
195,195,0.023415945999659016,68349.0,0,901,0
196,196,0.023503557000367437,68349.0,0,901,0
197,197,0.02357955499974196,68349.0,0,901,0
198,198,0.023658431999137974,68349.0,0,901,0
199,199,0.02373356899988721,68349.0,0,901,0
200,200,0.023808514999473118,68349.0,0,901,0
201,201,0.02388829700066708,68349.0,0,901,0
202,202,0.029135683000276913,68349.0,0,901,0
203,203,0.029227672999695642,68349.0,0,901,0
204,204,0.02930775300046662,68349.0,0,901,0
205,205,0.02938922800058208,68349.0,0,901,0
206,206,0.02946988199983025,68349.0,0,901,0
207,207,0.02957316199899651,68349.0,0,901,0
208,208,0.029661217000466422,68349.0,0,901,0
209,209,0.029741705999185797,68349.0,0,901,0
210,210,0.02981804299997748,68349.0,0,901,0
211,211,0.029898099999627448,68349.0,0,901,0
212,212,0.02997987100025057,68349.0,0,901,0
213,213,0.030060666998906527,68349.0,0,901,0
214,214,0.030141324999931385,68349.0,0,901,0
215,215,0.03021893299955991,68349.0,0,901,0
216,216,0.030296077000457444,68349.0,0,901,0
217,217,0.030373301000508945,68349.0,0,901,0
218,218,0.030453639999905135,68349.0,0,901,0
219,219,0.030534764999174513,68349.0,0,901,0
220,220,0.030615555000622408,68349.0,0,901,0
221,221,0.03069662099915149,68349.0,0,901,0
222,222,0.030777071000557044,68349.0,0,901,0
223,223,0.030857523999657133,68349.0,0,901,0
224,224,0.03093853000063973,68349.0,0,901,0
225,225,0.031019924999782233,68349.0,0,901,0
226,226,0.031098466999537777,68349.0,0,901,0
227,227,0.031179477000478073,68349.0,0,901,0
228,228,0.031259143999704975,68349.0,0,901,0
229,229,0.03134020200013765,68349.0,0,901,0
230,230,0.03142205400035891,68349.0,0,901,0
231,231,0.0315037990003475,68349.0,0,901,0
232,232,0.03158459499900346,68349.0,0,901,0
233,233,0.031667276000007405,68349.0,0,901,0
234,234,0.03174808400035545,68349.0,0,901,0
235,235,0.03183036699920194,68349.0,0,901,0
236,236,0.03191228799914825,68349.0,0,901,0
237,237,0.031994553999538766,68349.0,0,901,0
238,238,0.032076801000584965,68349.0,0,901,0
239,239,0.03215924799951608,68349.0,0,901,0
240,240,0.032261823000226286,68349.0,0,901,0
241,241,0.03234472599979199,68349.0,0,901,0
242,242,0.03242796700033068,68349.0,0,901,0
243,243,0.03251153400015028,68349.0,0,901,0
244,244,0.032593474999885075,68349.0,0,901,0
245,245,0.03267641799902776,68349.0,0,901,0
246,246,0.03276054399975692,68349.0,0,901,0
247,247,0.032843246999618714,68349.0,0,901,0
248,248,0.03292612400036887,68349.0,0,901,0
249,249,0.03300676199978625,68349.0,0,901,0
250,250,0.033085834998928476,68349.0,0,901,0
251,251,0.03316569100024935,68349.0,0,901,0
252,252,0.03324521300055494,68349.0,0,901,0
253,253,0.0333283729996765,68349.0,0,901,0
254,254,0.03340837599898805,68349.0,0,901,0
255,255,0.03349128199988627,68349.0,0,901,0
256,256,0.03363008499945863,68349.0,0,901,0
257,257,0.03371545200025139,68349.0,0,901,0
258,258,0.03379671099901316,68349.0,0,901,0
259,259,0.0338806019990443,68349.0,0,901,0
260,260,0.033964827000090736,68349.0,0,901,0
261,261,0.034048437999445014,68349.0,0,901,0
262,262,0.03412829700027942,68349.0,0,901,0
263,263,0.03421085099944321,68349.0,0,901,0
264,264,0.03429132900055265,68349.0,0,901,0
265,265,0.03437481099899742,68349.0,0,901,0
266,266,0.03445714400004363,68349.0,0,901,0
267,267,0.034541560999059584,68349.0,0,901,0
268,268,0.03462602199942921,68349.0,0,901,0
269,269,0.03472739300013927,68349.0,0,901,0
270,270,0.034814922999430564,68349.0,0,901,0
271,271,0.03489991800051939,68349.0,0,901,0
272,272,0.034985463998964406,68349.0,0,901,0
273,273,0.03507096199973603,68349.0,0,901,0
274,274,0.03515300400067645,68349.0,0,901,0
275,275,0.03523412799950165,68349.0,0,901,0
276,276,0.03531807299987122,68349.0,0,901,0
277,277,0.03539945599914063,68349.0,0,901,0
278,278,0.03549168099925737,68349.0,0,901,0
279,279,0.0355858580005588,68349.0,0,901,0
280,280,0.03567116399972292,68349.0,0,901,0
281,281,0.03575659299895051,68349.0,0,901,0
282,282,0.03584223799953179,68349.0,0,901,0
283,283,0.03592733500045142,68349.0,0,901,0
284,284,0.036013062999700196,68349.0,0,901,0
285,285,0.03609449199939263,68349.0,0,901,0
286,286,0.036175592000290635,68349.0,0,901,0
287,287,0.03626091799924325,68349.0,0,901,0
288,288,0.036343335999845294,68349.0,0,901,0
289,289,0.036425766000320436,68349.0,0,901,0
290,290,0.03651086199897691,68349.0,0,901,0
291,291,0.03659555800004455,68349.0,0,901,0
292,292,0.03668051800013927,68349.0,0,901,0
293,293,0.036762452000402845,68349.0,0,901,0
294,294,0.03684819000045536,68349.0,0,901,0
295,295,0.03693386399936571,68349.0,0,901,0
296,296,0.037017357999502565,68349.0,0,901,0
297,297,0.03710080500059121,68349.0,0,901,0
298,298,0.03718617800041102,68349.0,0,901,0
299,299,0.03726851799910946,68349.0,0,901,0
300,300,0.03737243199975637,68349.0,0,901,0
301,301,0.037459261000549304,68349.0,0,901,0
302,302,0.043546016999243875,68349.0,0,901,0
303,303,0.0436593089998496,68349.0,0,901,0
304,304,0.04376203100036946,68349.0,0,901,0
305,305,0.043861923999429564,68349.0,0,901,0
306,306,0.04395869200016023,68349.0,0,901,0
307,307,0.044053109999367734,68349.0,0,901,0
308,308,0.04414807700050005,68349.0,0,901,0
309,309,0.044243432999792276,68349.0,0,901,0
310,310,0.044344101999740815,68349.0,0,901,0
311,311,0.04443503899892676,68349.0,0,901,0
312,312,0.044525286999487435,68349.0,0,901,0
313,313,0.04461681700013287,68349.0,0,901,0
314,314,0.04470534900065104,68349.0,0,901,0
315,315,0.04479513499973109,68349.0,0,901,0
316,316,0.04490642900054809,68349.0,0,901,0
317,317,0.044997319999311,68349.0,0,901,0
318,318,0.045082966000336455,68349.0,0,901,0
319,319,0.04516759999933129,68349.0,0,901,0
320,320,0.04525257199929911,68349.0,0,901,0
321,321,0.04534181700000772,68349.0,0,901,0
322,322,0.04543052699955297,68349.0,0,901,0
323,323,0.045519044000684517,68349.0,0,901,0
324,324,0.04563606000010623,68349.0,0,901,0
325,325,0.04572123499929148,68349.0,0,901,0
326,326,0.0458062580000842,68349.0,0,901,0
327,327,0.0458907949996501,68349.0,0,901,0
328,328,0.04598013900067599,68349.0,0,901,0
329,329,0.04606608299945947,68349.0,0,901,0
330,330,0.04615515799923742,68349.0,0,901,0
331,331,0.046244098999522976,68349.0,0,901,0
332,332,0.046332787000210374,68349.0,0,901,0
333,333,0.04642095400049584,68349.0,0,901,0
334,334,0.046509436000633286,68349.0,0,901,0
335,335,0.04659458000060113,68349.0,0,901,0
336,336,0.04668291300004057,68349.0,0,901,0
337,337,0.046771679999437765,68349.0,0,901,0
338,338,0.04686059400046361,68349.0,0,901,0
339,339,0.046949687999585876,68349.0,0,901,0
340,340,0.04703910399985034,68349.0,0,901,0
341,341,0.047128619999057264,68349.0,0,901,0
342,342,0.04721713899925817,68349.0,0,901,0
343,343,0.04730561900032626,68349.0,0,901,0
344,344,0.04739428799985035,68349.0,0,901,0
345,345,0.04749472399998922,68349.0,0,901,0
346,346,0.04759267100052966,68349.0,0,901,0
347,347,0.04768171099931351,68349.0,0,901,0
348,348,0.047767979000127525,68349.0,0,901,0
349,349,0.04785742800049775,68349.0,0,901,0
350,350,0.04794675700031803,68349.0,0,901,0
351,351,0.04803545899994788,68349.0,0,901,0
352,352,0.0481240360004449,68349.0,0,901,0
353,353,0.04821269499916525,68349.0,0,901,0
354,354,0.04830237699934514,68349.0,0,901,0
355,355,0.04839626700049848,68349.0,0,901,0
356,356,0.04848684399985359,68349.0,0,901,0
357,357,0.04857334599910246,68349.0,0,901,0
358,358,0.0486635010001919,68349.0,0,901,0
359,359,0.048753257000498706,68349.0,0,901,0
360,360,0.04884406100063643,68349.0,0,901,0
361,361,0.04893403200003377,68349.0,0,901,0
362,362,0.04902122299972689,68349.0,0,901,0
363,363,0.049111528000139515,68349.0,0,901,0
364,364,0.04919886999959999,68349.0,0,901,0
365,365,0.049285875998975825,68349.0,0,901,0
366,366,0.04937710699960007,68349.0,0,901,0
367,367,0.049467519000245375,68349.0,0,901,0
368,368,0.04956221400061622,68349.0,0,901,0
369,369,0.04965443800028879,68349.0,0,901,0
370,370,0.04974651699922106,68349.0,0,901,0
371,371,0.04983946399988781,68355.0,0,901,0
372,372,0.049973529999988386,68355.0,0,901,0
373,373,0.050066010999216815,68355.0,0,901,0
374,374,0.05015693600034865,68355.0,0,901,0
375,375,0.05024894599955587,68355.0,0,901,0
376,376,0.05033744699903764,68355.0,0,901,0
377,377,0.050426006000634516,68355.0,0,901,0
378,378,0.05051546899994719,68355.0,0,901,0
379,379,0.05060733500067727,68355.0,0,901,0
380,380,0.05069544800062431,68355.0,0,901,0
381,381,0.05078740099997958,68355.0,0,901,0
382,382,0.05087495899897476,68355.0,0,901,0
383,383,0.05096643199976825,68355.0,0,901,0
384,384,0.05105605099925015,68355.0,0,901,0
385,385,0.051147898000635905,68355.0,0,901,0
386,386,0.05124049199912406,68355.0,0,901,0
387,387,0.051332517999981064,68355.0,0,901,0
388,388,0.05142433999935747,68355.0,0,901,0
389,389,0.051517992998924456,68355.0,0,901,0
390,390,0.051610470000014175,68355.0,0,901,0
391,391,0.051699706998988404,68355.0,0,901,0
392,392,0.05178887100009888,68355.0,0,901,0
393,393,0.051878177999242325,68355.0,0,901,0
394,394,0.05197074500028975,68355.0,0,901,0
395,395,0.052063481000004685,68355.0,0,901,0
396,396,0.05215708499963512,68355.0,0,901,0
397,397,0.05224832400017476,68355.0,0,901,0
398,398,0.052341433000037796,68355.0,0,901,0
399,399,0.052431785999942804,68355.0,0,901,0
400,400,0.05252461099917127,68355.0,0,901,0
401,401,0.052637826000136556,68355.0,0,901,0
402,402,0.05917271299949789,68355.0,0,901,0
403,403,0.05928202399991278,68355.0,0,901,0
404,404,0.05938211700049578,68355.0,0,901,0
405,405,0.059475329999258975,68355.0,0,901,0
406,406,0.05957161900005303,68355.0,0,901,0
407,407,0.059664287999112275,68355.0,0,901,0
408,408,0.059759694999229396,68355.0,0,901,0
409,409,0.059854228999029147,68355.0,0,901,0
410,410,0.059948066000288236,68355.0,0,901,0
411,411,0.06004274800034182,68355.0,0,901,0
412,412,0.06015854799989029,68355.0,0,901,0
413,413,0.060250812999584014,68355.0,0,901,0
414,414,0.06034584500048368,68355.0,0,901,0
415,415,0.06044055500024115,68355.0,0,901,0
416,416,0.06053183199946943,68355.0,0,901,0
417,417,0.06062254199969175,68355.0,0,901,0
418,418,0.06071624499963946,68355.0,0,901,0
419,419,0.06081174800056033,68355.0,0,901,0
420,420,0.060904600999492686,68355.0,0,901,0
421,421,0.06100032799986366,68355.0,0,901,0
422,422,0.06109330199979013,68355.0,0,901,0
423,423,0.06118647499897634,68355.0,0,901,0
424,424,0.061281308000616264,68355.0,0,901,0
425,425,0.061375846998998895,68355.0,0,901,0
426,426,0.06147070400038501,68355.0,0,901,0
427,427,0.06159423700046318,68355.0,0,901,0
428,428,0.06168767800045316,68355.0,0,901,0
429,429,0.06177946599927964,68355.0,0,901,0
430,430,0.061874933999206405,68355.0,0,901,0
431,431,0.06197119100033888,68355.0,0,901,0
432,432,0.06206852600007551,68355.0,0,901,0
433,433,0.06216226799915603,68355.0,0,901,0
434,434,0.062255249000372714,68355.0,0,901,0
435,435,0.06235131699941121,68355.0,0,901,0
436,436,0.0624480879996554,68355.0,0,901,0
437,437,0.06254468099905353,68355.0,0,901,0
438,438,0.06264174199895933,68355.0,0,901,0
439,439,0.06273435900038749,68355.0,0,901,0
440,440,0.06285132599987264,68355.0,0,901,0
441,441,0.06294839600013802,68355.0,0,901,0
442,442,0.06304464399909193,68355.0,0,901,0
443,443,0.06313838599999144,68355.0,0,901,0
444,444,0.06323399000029895,68355.0,0,901,0
445,445,0.06332955399921048,68355.0,0,901,0
446,446,0.06342355299966584,68355.0,0,901,0
447,447,0.0635204469999735,68355.0,0,901,0
448,448,0.06361792799907562,68355.0,0,901,0
449,449,0.06371508299889683,68355.0,0,901,0
450,450,0.06381152199901408,68355.0,0,901,0
451,451,0.0639054990006116,68355.0,0,901,0
452,452,0.06400206199941749,68355.0,0,901,0
453,453,0.06409959700067702,68355.0,0,901,0
454,454,0.06419633499899646,68355.0,0,901,0
455,455,0.06429336600012903,68355.0,0,901,0
456,456,0.06439069099906192,68355.0,0,901,0
457,457,0.06448427900068054,68355.0,0,901,0
458,458,0.06458170800033258,68355.0,0,901,0
459,459,0.06467848799911735,68355.0,0,901,0
460,460,0.06477275299948815,68355.0,0,901,0
461,461,0.0648702479993517,68367.0,0,901,0
462,462,0.06499069199890073,68367.0,0,901,0
463,463,0.06509245599954738,68367.0,0,901,0
464,464,0.06519873499928508,68367.0,0,901,0
465,465,0.06530670499887492,68367.0,0,901,0
466,466,0.06540530299935199,68367.0,0,901,0
467,467,0.0655032550002943,68367.0,0,901,0
468,468,0.0656055870003911,68367.0,0,901,0
469,469,0.0657041329995991,68367.0,0,901,0
470,470,0.06580165800005489,68367.0,0,901,0
471,471,0.06590078800036281,68367.0,0,901,0
472,472,0.06599891999940155,68367.0,0,901,0
473,473,0.066097503000492,68367.0,0,901,0
474,474,0.06619638200027111,68367.0,0,901,0
475,475,0.06629210500068439,68367.0,0,901,0
476,476,0.06639061599889828,68367.0,0,901,0
477,477,0.06648993599992536,68367.0,0,901,0
478,478,0.06658595400040213,68367.0,0,901,0
479,479,0.06668208200062509,68367.0,0,901,0
480,480,0.06677749200025573,68367.0,0,901,0
481,481,0.06687606400009827,68367.0,0,901,0
482,482,0.06697466299920052,68367.0,0,901,0
483,483,0.06707048299904272,68367.0,0,901,0
484,484,0.06716651399983675,68367.0,0,901,0
485,485,0.06726600900037738,68367.0,0,901,0
486,486,0.06736526299937395,68367.0,0,901,0
487,487,0.06746430800012604,68367.0,0,901,0
488,488,0.06756015400060278,68367.0,0,901,0
489,489,0.0676597279998532,68367.0,0,901,0
490,490,0.06775671300056274,68367.0,0,901,0
491,491,0.06786878899947624,68367.0,0,901,0
492,492,0.0679776220003987,68367.0,0,901,0
493,493,0.06807460799973342,68367.0,0,901,0
494,494,0.06817462800063367,68367.0,0,901,0
495,495,0.0682736719991226,68367.0,0,901,0
496,496,0.06837031400027627,68367.0,0,901,0
497,497,0.06846806400062633,68367.0,0,901,0
498,498,0.06856545899972843,68367.0,0,901,0
499,499,0.0686668969992752,68367.0,0,901,0
500,500,0.06876836199990066,68367.0,0,901,0
501,501,0.0688690349998069,68367.0,0,901,0
502,502,0.07599647200004256,68367.0,0,901,0
503,503,0.07611356899906241,68367.0,0,901,0
504,504,0.0762233980003657,68367.0,0,901,0
505,505,0.07632846299929952,68367.0,0,901,0
506,506,0.07643181999992521,68367.0,0,901,0
507,507,0.07653122500050813,68367.0,0,901,0
508,508,0.07663057399986428,68367.0,0,901,0
509,509,0.07673002899900894,68367.0,0,901,0
510,510,0.07683270300003642,68367.0,0,901,0
511,511,0.07693503600057738,68367.0,0,901,0
512,512,0.0770344809989183,68367.0,0,901,0
513,513,0.07713363999937428,68367.0,0,901,0
514,514,0.07723509000061313,68367.0,0,901,0
515,515,0.077334764000625,68367.0,0,901,0
516,516,0.0774344290002773,68367.0,0,901,0
517,517,0.07755144700058736,68367.0,0,901,0
518,518,0.07766633800019918,68367.0,0,901,0
519,519,0.07776854099938646,68367.0,0,901,0
520,520,0.07787138399908144,68367.0,0,901,0
521,521,0.07797389199913596,68367.0,0,901,0
522,522,0.07809203400029219,68367.0,0,901,0
523,523,0.07819179400030407,68367.0,0,901,0
524,524,0.0782914030005486,68367.0,0,901,0
525,525,0.07839358499950322,68367.0,0,901,0
526,526,0.07849306099888054,68367.0,0,901,0
527,527,0.07859952699982387,68367.0,0,901,0
528,528,0.07870255699890549,68367.0,0,901,0
529,529,0.07880523299900233,68367.0,0,901,0
530,530,0.07890821999899345,68367.0,0,901,0
531,531,0.07900850399892079,68367.0,0,901,0
532,532,0.07911193600011757,68367.0,0,901,0
533,533,0.07921563200034143,68367.0,0,901,0
534,534,0.07931917299902125,68367.0,0,901,0
535,535,0.0794221859996469,68367.0,0,901,0
536,536,0.07952542999919388,68367.0,0,901,0
537,537,0.0796260600000096,68367.0,0,901,0
538,538,0.07972742699894297,68367.0,0,901,0
539,539,0.07983177300047828,68367.0,0,901,0
540,540,0.07993628599979274,68367.0,0,901,0
541,541,0.08003731999997399,68367.0,0,901,0
542,542,0.08013791700068396,68367.0,0,901,0
543,543,0.08023730300010357,68367.0,0,901,0
544,544,0.08034213000064483,68367.0,0,901,0
545,545,0.08045845800006646,68367.0,0,901,0
546,546,0.08056733999910648,68367.0,0,901,0
547,547,0.0806718740004726,68367.0,0,901,0
548,548,0.08077559699995618,68367.0,0,901,0
549,549,0.08087890000024345,68367.0,0,901,0
550,550,0.08098039799915568,68367.0,0,901,0
551,551,0.08108111999899847,68367.0,0,901,0
552,552,0.08118505499987805,68367.0,0,901,0
553,553,0.08128668300014397,68367.0,0,901,0
554,554,0.08139094499892963,68367.0,0,901,0
555,555,0.08149565500025346,68367.0,0,901,0
556,556,0.08164877699891804,68367.0,0,901,0
557,557,0.08175506599945948,68367.0,0,901,0
558,558,0.08185721699919668,68367.0,0,901,0
559,559,0.08196306599893433,68367.0,0,901,0
560,560,0.08206466299998283,68367.0,0,901,0
561,561,0.08216926100067212,68367.0,0,901,0
562,562,0.08227365899983852,68367.0,0,901,0
563,563,0.08237526799894113,68367.0,0,901,0
564,564,0.08247760799895332,68367.0,0,901,0
565,565,0.08258333300000231,68367.0,0,901,0
566,566,0.08268530699933763,68367.0,0,901,0
567,567,0.08278813600009016,68367.0,0,901,0
568,568,0.08289045299898135,68367.0,0,901,0
569,569,0.08299564200024179,68367.0,0,901,0
570,570,0.08311191499888082,68367.0,0,901,0
571,571,0.08322739799950796,68367.0,0,901,0
572,572,0.08333253799901286,68367.0,0,901,0
573,573,0.0834361990000616,68367.0,0,901,0
574,574,0.08354331000009552,68367.0,0,901,0
575,575,0.08365001699894492,68367.0,0,901,0
576,576,0.08375451400024758,68367.0,0,901,0
577,577,0.08385655500023859,68367.0,0,901,0
578,578,0.08396203299889748,68367.0,0,901,0
579,579,0.08406772899979842,68367.0,0,901,0
580,580,0.0841704539998318,68367.0,0,901,0
581,581,0.08427677699910419,68367.0,0,901,0
582,582,0.08438179499898979,68367.0,0,901,0
583,583,0.08448454000063066,68367.0,0,901,0
584,584,0.08459070400022028,68367.0,0,901,0
585,585,0.08469475799938664,68367.0,0,901,0
586,586,0.0848008419998223,68367.0,0,901,0
587,587,0.0849075839996658,68367.0,0,901,0
588,588,0.08501404399976309,68367.0,0,901,0
589,589,0.0851188969991199,68367.0,0,901,0
590,590,0.08522341299976688,68367.0,0,901,0
591,591,0.08532994899906043,68367.0,0,901,0
592,592,0.08543716699932702,68367.0,0,901,0
593,593,0.08557073699921602,68367.0,0,901,0
594,594,0.08568930399997043,68367.0,0,901,0
595,595,0.08579344499958097,68367.0,0,901,0
596,596,0.08590075099891692,68367.0,0,901,0
597,597,0.08600490800017724,68367.0,0,901,0
598,598,0.0861091739989206,68367.0,0,901,0
599,599,0.08621534200028691,68367.0,0,901,0
600,600,0.08632395699896733,68367.0,0,901,0
601,601,0.08643224200022814,68367.0,0,901,0
602,602,0.09399035999922489,68367.0,0,901,0
603,603,0.09411568599898601,68367.0,0,901,0
604,604,0.09423070000048028,68367.0,0,901,0
605,605,0.09433930100021826,68367.0,0,901,0
606,606,0.09445098899959703,68367.0,0,901,0
607,607,0.09456093399967358,68367.0,0,901,0
608,608,0.09466717999930552,68367.0,0,901,0
609,609,0.09477263799999491,68367.0,0,901,0
610,610,0.09488133000013477,68367.0,0,901,0
611,611,0.09498625199921662,68367.0,0,901,0
612,612,0.09509348800020234,68367.0,0,901,0
613,613,0.09520165100002487,68367.0,0,901,0
614,614,0.09530674000052386,68367.0,0,901,0
615,615,0.09541197799990186,68367.0,0,901,0
616,616,0.09552064499985136,68367.0,0,901,0
617,617,0.0956301229998644,68367.0,0,901,0
618,618,0.09575679599947762,68367.0,0,901,0
619,619,0.09586619299989252,68367.0,0,901,0
620,620,0.09597201399992628,68367.0,0,901,0
621,621,0.09608014100012952,68367.0,0,901,0
622,622,0.09618493500056502,68367.0,0,901,0
623,623,0.09629443199992238,68367.0,0,901,0
624,624,0.09640036900054838,68367.0,0,901,0
625,625,0.09650847800003248,68367.0,0,901,0
626,626,0.09661436900023546,68367.0,0,901,0
627,627,0.09672433299965633,68367.0,0,901,0
628,628,0.09683058100017661,68367.0,0,901,0
629,629,0.09693618100027379,68367.0,0,901,0
630,630,0.09704583799975808,68367.0,0,901,0
631,631,0.09715669800061733,68367.0,0,901,0
632,632,0.0972669919992768,68367.0,0,901,0
633,633,0.09737479000068561,68367.0,0,901,0
634,634,0.09748505700008536,68367.0,0,901,0
635,635,0.09760542500043812,68367.0,0,901,0
636,636,0.09771649299909768,68367.0,0,901,0
637,637,0.09782737800014729,68367.0,0,901,0
638,638,0.09793522300060431,68367.0,0,901,0
639,639,0.09804299700044794,68367.0,0,901,0
640,640,0.09815010400052415,68367.0,0,901,0
641,641,0.09825667999939469,68367.0,0,901,0
642,642,0.09836381499917479,68367.0,0,901,0
643,643,0.0984952519993385,68367.0,0,901,0
644,644,0.0986027719991398,68367.0,0,901,0
645,645,0.09871298799953365,68367.0,0,901,0
646,646,0.0988235299992084,68367.0,0,901,0
647,647,0.09893457799989847,68367.0,0,901,0
648,648,0.09904607399948873,68367.0,0,901,0
649,649,0.09915727000043262,68367.0,0,901,0
650,650,0.0992690009989019,68367.0,0,901,0
651,651,0.09937981700022647,68367.0,0,901,0
652,652,0.09949100700032432,68367.0,0,901,0
653,653,0.09959914099999878,68367.0,0,901,0
654,654,0.09970923699984269,68367.0,0,901,0
655,655,0.09981745599907299,68367.0,0,901,0
656,656,0.09992542600048182,68367.0,0,901,0
657,657,0.1000331510003889,68367.0,0,901,0
658,658,0.10014032199978828,68367.0,0,901,0
659,659,0.10025140499965346,68367.0,0,901,0
660,660,0.10036036500059708,68367.0,0,901,0
661,661,0.10047036499963724,68367.0,0,901,0
662,662,0.10058161199958704,68367.0,0,901,0
663,663,0.10069340399968496,68367.0,0,901,0
664,664,0.10081591100060905,68367.0,0,901,0
665,665,0.10092545099905692,68367.0,0,901,0
666,666,0.10103395999976783,68367.0,0,901,0
667,667,0.10114524100026756,68367.0,0,901,0
668,668,0.10125710099964635,68367.0,0,901,0
669,669,0.1013651140001457,68367.0,0,901,0
670,670,0.10147664999931294,68367.0,0,901,0
671,671,0.10161689699998533,68367.0,0,901,0
672,672,0.10173050800040073,68367.0,0,901,0
673,673,0.10184060500068881,68367.0,0,901,0
674,674,0.10195311399911589,68367.0,0,901,0
675,675,0.10206304299936164,68367.0,0,901,0
676,676,0.10217411200028437,68367.0,0,901,0
677,677,0.10228639100023429,68367.0,0,901,0
678,678,0.10239930399984587,68367.0,0,901,0
679,679,0.10250861100030306,68367.0,0,901,0
680,680,0.10262668399991526,68367.0,0,901,0
681,681,0.10278377900067426,68367.0,0,901,0
682,682,0.10294027000054484,68367.0,0,901,0
683,683,0.10305564999907801,68367.0,0,901,0
684,684,0.10316733599938743,68367.0,0,901,0
685,685,0.10327877099916805,68367.0,0,901,0
686,686,0.10339373299939325,68367.0,0,901,0
687,687,0.10352550700008578,68367.0,0,901,0
688,688,0.10364148799999384,68367.0,0,901,0
689,689,0.10375678699892887,68367.0,0,901,0
690,690,0.10387142899890023,68367.0,0,901,0
691,691,0.10398610799893504,68367.0,0,901,0
692,692,0.10409822899964638,68367.0,0,901,0
693,693,0.10420900499957497,68367.0,0,901,0
694,694,0.10432177999973646,68367.0,0,901,0
695,695,0.10443475099964417,68367.0,0,901,0
696,696,0.10454579699944588,68367.0,0,901,0
697,697,0.10465950999969209,68367.0,0,901,0
698,698,0.10477433699998073,68367.0,0,901,0
699,699,0.10488854899995204,68367.0,0,901,0
700,700,0.10500298599981761,68367.0,0,901,0
701,701,0.10511643700010609,68367.0,0,901,0
702,702,0.11341609199917002,68367.0,0,901,0
703,703,0.11355384399939794,68367.0,0,901,0
704,704,0.1136845879991597,68367.0,0,901,0
705,705,0.11381544799951371,68367.0,0,901,0
706,706,0.11393424900052196,68367.0,0,901,0
707,707,0.11404893699909735,68367.0,0,901,0
708,708,0.11416555299911124,68367.0,0,901,0
709,709,0.11428150900064793,68367.0,0,901,0
710,710,0.11439413100015372,68367.0,0,901,0
711,711,0.11450693500046327,68367.0,0,901,0
712,712,0.11462213800041354,68367.0,0,901,0
713,713,0.11473725999894668,68367.0,0,901,0
714,714,0.11485025500041957,68367.0,0,901,0
715,715,0.1149628910006868,68367.0,0,901,0
716,716,0.11507849599911424,68367.0,0,901,0
717,717,0.11519387699991057,68367.0,0,901,0
718,718,0.11530707400015672,68367.0,0,901,0
719,719,0.11541960400063545,68367.0,0,901,0
720,720,0.11553567500050121,68367.0,0,901,0
721,721,0.11565244899975369,68367.0,0,901,0
722,722,0.11576590199911152,68367.0,0,901,0
723,723,0.11587881800005562,68367.0,0,901,0
724,724,0.1160052960003668,68367.0,0,901,0
725,725,0.11612509099904855,68367.0,0,901,0
726,726,0.11623932200018317,68367.0,0,901,0
727,727,0.1163561800003663,68367.0,0,901,0
728,728,0.11646985900006257,68367.0,0,901,0
729,729,0.11658753099982277,68367.0,0,901,0
730,730,0.11670200700064015,68367.0,0,901,0
731,731,0.11681957499968121,68367.0,0,901,0
732,732,0.11693512800047756,68367.0,0,901,0
733,733,0.11704919499970856,68367.0,0,901,0
734,734,0.11716247999902407,68367.0,0,901,0
735,735,0.11728009299986297,68367.0,0,901,0
736,736,0.11739683799896738,68367.0,0,901,0
737,737,0.1175146980003774,68367.0,0,901,0
738,738,0.11766082900066976,68367.0,0,901,0
739,739,0.1177788730001339,68367.0,0,901,0
740,740,0.11789710099947115,68367.0,0,901,0
741,741,0.11801454600026773,68367.0,0,901,0
742,742,0.11813211099979526,68367.0,0,901,0
743,743,0.11825031199987279,68367.0,0,901,0
744,744,0.11836926899923128,68367.0,0,901,0
745,745,0.1184848230004718,68367.0,0,901,0
746,746,0.1186035560003802,68367.0,0,901,0
747,747,0.11872249899897724,68367.0,0,901,0
748,748,0.11886091999986093,68367.0,0,901,0
749,749,0.11897700199915562,68367.0,0,901,0
750,750,0.11909529299919086,68367.0,0,901,0
751,751,0.1192105520003679,68367.0,0,901,0
752,752,0.11932519499896443,68367.0,0,901,0
753,753,0.11944275499990908,68367.0,0,901,0
754,754,0.11955786500038812,68367.0,0,901,0
755,755,0.11967358800029615,68367.0,0,901,0
756,756,0.11979240700020455,68367.0,0,901,0
757,757,0.1199100140001974,68367.0,0,901,0
758,758,0.12002931799906946,68367.0,0,901,0
759,759,0.12014447999899858,68367.0,0,901,0
760,760,0.12026292399968952,68367.0,0,901,0
761,761,0.12038260100052867,68367.0,0,901,0
762,762,0.12050051599908329,68367.0,0,901,0
763,763,0.12061642899971048,68367.0,0,901,0
764,764,0.1207325409995974,68367.0,0,901,0
765,765,0.12084777699965343,68367.0,0,901,0
766,766,0.12096370899962494,68367.0,0,901,0
767,767,0.12109710500044457,68367.0,0,901,0
768,768,0.12121595300050103,68367.0,0,901,0
769,769,0.12133626700051536,68367.0,0,901,0
770,770,0.1214532979993237,68367.0,0,901,0
771,771,0.12157943999955023,68367.0,0,901,0
772,772,0.12170632100060175,68367.0,0,901,0
773,773,0.12182756099900871,68367.0,0,901,0
774,774,0.12194452000039746,68367.0,0,901,0
775,775,0.12206170799981919,68367.0,0,901,0
776,776,0.1221787159993255,68367.0,0,901,0
777,777,0.12229533999925479,68367.0,0,901,0
778,778,0.12241238100068585,68367.0,0,901,0
779,779,0.12253218600017135,68367.0,0,901,0
780,780,0.12265369099986856,68367.0,0,901,0
781,781,0.12277464900034829,68367.0,0,901,0
782,782,0.12289475899888203,68367.0,0,901,0
783,783,0.12301464799929818,68367.0,0,901,0
784,784,0.12313502399956633,68367.0,0,901,0
785,785,0.12325566400068055,68367.0,0,901,0
786,786,0.12337677299910865,68367.0,0,901,0
787,787,0.1234973099999479,68367.0,0,901,0
788,788,0.12361756700011028,68367.0,0,901,0
789,789,0.12373535100050503,68367.0,0,901,0
790,790,0.12386408299971663,68367.0,0,901,0
791,791,0.12399108699901262,68367.0,0,901,0
792,792,0.12410932099919592,68367.0,0,901,0
793,793,0.12423008899895649,68367.0,0,901,0
794,794,0.12435143899892864,68367.0,0,901,0
795,795,0.1244727060002333,68367.0,0,901,0
796,796,0.12459354699967662,68367.0,0,901,0
797,797,0.12471512099909887,68367.0,0,901,0
798,798,0.12483653600065736,68367.0,0,901,0
799,799,0.1249587900001643,68367.0,0,901,0
800,800,0.12508135799907905,68367.0,0,901,0
801,801,0.12520326400044723,68367.0,0,901,0
802,802,0.13393899899892858,68367.0,0,901,0
803,803,0.1341009440002381,68367.0,0,901,0
804,804,0.1342305899997882,68367.0,0,901,0
805,805,0.1343573619997187,68367.0,0,901,0
806,806,0.1344793309999659,68367.0,0,901,0
807,807,0.13460290500006522,68367.0,0,901,0
808,808,0.1347281100006512,68367.0,0,901,0
809,809,0.13485129199943913,68367.0,0,901,0
810,810,0.13497247899977083,68367.0,0,901,0
811,811,0.13509193800018693,68367.0,0,901,0
812,812,0.13521511299950362,68367.0,0,901,0
813,813,0.13533796899901063,68367.0,0,901,0
814,814,0.13545850700029405,68367.0,0,901,0
815,815,0.1355813770005625,68367.0,0,901,0
816,816,0.13571600300019782,68367.0,0,901,0
817,817,0.13595019899912586,68367.0,0,901,0
818,818,0.13617787799921643,68367.0,0,901,0
819,819,0.1365133250001236,68367.0,0,901,0
820,820,0.1367660670002806,68367.0,0,901,0
821,821,0.13697885900000983,68367.0,0,901,0
822,822,0.13711821300057636,68367.0,0,901,0
823,823,0.1372451480001473,68367.0,0,901,0
824,824,0.13736719299959077,68367.0,0,901,0
825,825,0.13749128800009203,68367.0,0,901,0
826,826,0.13764952999918023,68367.0,0,901,0
827,827,0.1377712089997658,68367.0,0,901,0
828,828,0.1379365600005258,68367.0,0,901,0
829,829,0.13816574799966475,68367.0,0,901,0
830,830,0.13837658900047245,68367.0,0,901,0
831,831,0.13854728099977365,68367.0,0,901,0
832,832,0.13873322600011306,68367.0,0,901,0
833,833,0.13894985799925053,68367.0,0,901,0
834,834,0.13914135300001362,68367.0,0,901,0
835,835,0.13935153800048283,68367.0,0,901,0
836,836,0.13957838799979072,68367.0,0,901,0
837,837,0.13973849499961943,68367.0,0,901,0
838,838,0.13988072299980558,68367.0,0,901,0
839,839,0.1401192749999609,68367.0,0,901,0
840,840,0.14031688000068243,68367.0,0,901,0
841,841,0.140460960999917,68367.0,0,901,0
842,842,0.14068862900057866,68367.0,0,901,0
843,843,0.1408745890003047,68367.0,0,901,0
844,844,0.1410241479989054,68367.0,0,901,0
845,845,0.1412133640005777,68367.0,0,901,0
846,846,0.1414411919995473,68367.0,0,901,0
847,847,0.14165856999898097,68367.0,0,901,0
848,848,0.14180481099901954,68367.0,0,901,0
849,849,0.1420192980003776,68367.0,0,901,0
850,850,0.14223046299957787,68367.0,0,901,0
851,851,0.14238214599936327,68367.0,0,901,0
852,852,0.1425470159992983,68367.0,0,901,0
853,853,0.14276159300061408,68367.0,0,901,0
854,854,0.14295867500004533,68367.0,0,901,0
855,855,0.14312321099896508,68367.0,0,901,0
856,856,0.14331179200053157,68367.0,0,901,0
857,857,0.14344796799923643,68367.0,0,901,0
858,858,0.14357600400035153,68367.0,0,901,0
859,859,0.14370367499941494,68367.0,0,901,0
860,860,0.1438297139993665,68367.0,0,901,0
861,861,0.1439533789998677,68367.0,0,901,0
862,862,0.14407625400053803,68367.0,0,901,0
863,863,0.14419931100019312,68367.0,0,901,0
864,864,0.1443465809988993,68367.0,0,901,0
865,865,0.14447388799999317,68367.0,0,901,0
866,866,0.1446009179999237,68367.0,0,901,0
867,867,0.14472797400048876,68367.0,0,901,0
868,868,0.14485480499934056,68367.0,0,901,0
869,869,0.14497963299982075,68367.0,0,901,0
870,870,0.14510732000053395,68367.0,0,901,0
871,871,0.14523447799911082,68367.0,0,901,0
872,872,0.14536223899995093,68367.0,0,901,0
873,873,0.14548959599960654,68367.0,0,901,0
874,874,0.14565043000038713,68367.0,0,901,0
875,875,0.14578256999993755,68367.0,0,901,0
876,876,0.14590799399957177,68367.0,0,901,0
877,877,0.14603590600017924,68367.0,0,901,0
878,878,0.14616347999981372,68367.0,0,901,0
879,879,0.14629150799919444,68367.0,0,901,0
880,880,0.14643054499902064,68367.0,0,901,0
881,881,0.1465681699992274,68367.0,0,901,0
882,882,0.14669346299888275,68367.0,0,901,0
883,883,0.14682188000006136,68367.0,0,901,0
884,884,0.14695102000041516,68367.0,0,901,0
885,885,0.14707769300002838,68367.0,0,901,0
886,886,0.14720660599959956,68367.0,0,901,0
887,887,0.1473355830003129,68367.0,0,901,0
888,888,0.14746409200051858,68367.0,0,901,0
889,889,0.1475922650006396,68367.0,0,901,0
890,890,0.14771816599932208,68367.0,0,901,0
891,891,0.14784230300028867,68367.0,0,901,0
892,892,0.1479669839991402,68367.0,0,901,0
893,893,0.14809136899930309,68367.0,0,901,0
894,894,0.1482164749995718,68367.0,0,901,0
895,895,0.1483445510002639,68367.0,0,901,0
896,896,0.1484735769990948,68367.0,0,901,0
897,897,0.1486009149994061,68367.0,0,901,0
898,898,0.14872713499971724,68367.0,0,901,0
899,899,0.14885664299981727,68367.0,0,901,0
900,900,0.14898746499966364,68367.0,0,901,0
