,Unnamed: 0,x1,x2,x3,x4,x5,x6,x7,x8,x9,class
967,967,31,4,4,3,1,0,1,4,0,1
175,175,32,2,4,0,1,0,3,4,0,0
540,540,27,3,3,1,1,0,3,4,0,1
49,49,26,4,4,0,1,0,1,4,0,0
1408,1408,36,4,4,3,1,1,2,4,0,1
89,89,24,2,2,3,1,0,2,1,0,0
412,412,47,1,1,1,1,1,3,4,0,0
611,611,35,4,4,3,0,0,3,4,0,1
286,286,22,4,4,0,1,0,1,4,0,0
136,136,24,4,4,2,1,1,3,3,0,0
598,598,33,4,4,5,1,1,2,4,0,1
106,106,22,4,4,0,1,1,1,1,0,0
1244,1244,34,3,4,3,0,1,1,4,0,1
1045,1045,44,1,4,9,1,1,1,2,0,0
860,860,29,3,4,3,1,1,3,2,0,1
201,201,22,2,4,0,1,1,3,3,0,0
859,859,24,3,4,2,1,1,3,3,0,1
1085,1085,30,4,2,0,1,0,3,3,0,0
155,155,47,1,1,7,1,1,2,3,1,0
1313,1313,41,4,4,6,1,1,1,4,0,1
686,686,33,3,3,3,1,1,3,3,0,1
279,279,48,4,4,3,1,1,2,4,0,0
577,577,43,4,4,3,0,1,1,4,0,1
1320,1320,32,3,2,5,1,1,3,3,0,1
272,272,25,3,4,1,1,1,2,1,0,0
1309,1309,37,4,4,4,0,1,2,4,0,1
376,376,40,3,3,3,1,1,2,2,1,0
331,331,35,1,2,0,1,0,4,4,0,0
1136,1136,26,3,4,1,0,1,2,2,0,0
1123,1123,47,2,4,2,1,1,3,2,1,0
81,81,49,4,4,6,0,0,1,4,0,0
966,966,30,3,3,4,1,0,2,2,0,1
1058,1058,30,1,1,7,1,1,2,3,0,0
54,54,36,2,4,5,1,1,2,3,0,0
625,625,41,4,4,7,1,1,2,4,0,1
449,449,20,3,4,1,1,1,2,4,0,1
726,726,24,4,4,1,1,1,1,3,0,1
458,458,46,4,4,4,1,1,1,4,0,1
1030,1030,35,3,4,6,1,0,2,2,0,0
748,748,35,3,4,4,1,1,1,4,0,1
1131,1131,45,1,3,7,1,0,1,3,0,0
35,35,42,1,3,9,1,1,3,2,1,0
1372,1372,25,4,4,2,1,1,3,3,0,1
1411,1411,25,4,4,2,1,1,2,3,0,1
1019,1019,38,2,4,3,1,1,1,3,0,0
1211,1211,49,1,2,5,1,0,2,2,1,0
991,991,28,3,4,3,1,1,1,4,0,1
812,812,25,3,3,3,1,1,3,2,0,1
1202,1202,47,1,1,4,1,1,2,2,0,0
169,169,20,3,4,0,1,0,2,4,0,0
1328,1328,17,3,4,1,1,1,3,3,0,1
740,740,29,1,3,5,1,1,3,3,0,1
1338,1338,31,4,4,5,1,0,1,4,0,1
70,70,47,2,3,4,1,1,2,3,0,0
1119,1119,38,1,3,4,1,0,2,2,0,0
1305,1305,36,3,3,4,1,1,1,3,0,1
430,430,23,4,4,1,1,1,1,2,0,1
1094,1094,38,1,2,6,1,1,2,1,1,0
1087,1087,45,2,4,8,1,1,2,3,0,0
565,565,22,4,4,1,1,1,1,3,0,1
34,34,24,2,3,1,1,1,3,3,0,0
86,86,25,4,4,1,1,1,1,3,0,0
642,642,29,3,3,4,1,1,3,4,0,1
648,648,17,2,2,1,1,1,3,2,0,1
293,293,40,4,4,3,1,1,3,4,0,0
259,259,39,3,3,1,0,1,3,4,0,0
500,500,36,2,1,6,1,1,2,1,0,1
699,699,39,4,3,1,1,0,2,2,0,1
1348,1348,21,4,4,2,1,1,2,3,0,1
1139,1139,47,2,3,12,1,1,3,1,0,0
744,744,37,4,4,4,1,1,3,2,0,1
760,760,26,4,4,1,1,1,3,3,0,1
889,889,33,4,4,4,1,1,2,3,0,1
671,671,26,2,4,3,1,1,3,4,0,1
46,46,32,4,4,2,1,1,2,3,0,0
583,583,24,4,4,1,1,1,1,4,0,1
805,805,33,2,4,3,1,1,3,4,0,1
1102,1102,20,3,4,2,1,1,3,2,0,0
24,24,48,4,4,5,1,1,1,4,0,0
570,570,36,4,4,3,0,1,2,4,0,1
144,144,30,2,4,2,1,1,3,4,0,0
392,392,47,1,4,6,1,1,1,4,0,0
1222,1222,36,4,4,3,1,0,1,4,0,1
811,811,35,1,2,6,1,1,2,2,1,1
1304,1304,34,4,4,4,1,0,3,3,0,1
182,182,42,1,3,12,1,1,3,3,0,0
870,870,22,4,4,3,1,1,3,2,0,1
828,828,35,4,4,3,1,1,1,4,0,1
990,990,23,2,3,3,1,1,2,3,0,1
466,466,27,3,3,1,0,0,2,4,0,1
65,65,24,2,4,1,1,1,3,1,0,0
1147,1147,45,4,4,1,1,1,1,4,0,0
195,195,45,1,2,6,1,1,3,3,1,0
736,736,19,3,3,3,1,1,2,3,0,1
453,453,31,4,4,1,1,1,1,4,0,1
460,460,39,4,4,4,1,0,1,4,0,1
1015,1015,22,4,4,0,1,1,3,2,0,0
659,659,27,3,3,1,1,0,3,3,0,1
780,780,25,4,4,2,1,1,1,3,0,1
994,994,25,4,4,1,1,1,1,4,0,1
1160,1160,20,3,4,0,1,1,3,3,0,0
900,900,21,3,3,1,1,1,2,2,0,1
385,385,39,4,4,2,1,0,1,4,0,0
517,517,33,4,4,3,1,1,3,4,0,1
1169,1169,31,1,1,6,1,1,3,2,0,0
1150,1150,31,3,3,2,1,0,3,3,0,0
821,821,26,3,4,2,1,1,3,3,0,1
4,4,36,3,3,8,1,1,3,2,0,0
1238,1238,26,3,4,2,1,1,3,3,0,1
115,115,37,4,4,1,1,1,1,4,0,0
1022,1022,28,3,4,0,1,0,1,3,0,0
1009,1009,42,2,3,2,1,1,1,4,0,0
102,102,27,2,4,3,1,0,3,2,0,0
594,594,44,4,4,4,1,1,1,4,0,1
1011,1011,21,2,2,1,1,1,3,2,0,0
1234,1234,34,4,4,4,1,1,2,4,0,1
1101,1101,26,4,4,3,1,1,1,4,0,0
185,185,33,2,3,1,1,1,3,4,0,0
1295,1295,31,2,2,4,1,1,4,3,1,1
153,153,23,4,4,2,1,1,2,4,0,0
661,661,43,4,4,3,1,1,1,4,0,1
234,234,39,1,1,5,1,0,3,1,1,0
801,801,21,2,2,1,1,1,4,3,0,1
1439,1439,32,3,4,5,0,1,1,4,0,1
782,782,40,4,4,4,1,1,1,4,0,1
1178,1178,22,3,3,2,1,1,2,4,0,0
314,314,36,2,2,0,0,0,3,3,0,0
765,765,30,3,4,4,1,1,3,3,0,1
933,933,28,4,4,2,0,1,2,4,0,1
1456,1456,40,2,2,4,0,0,2,4,0,1
1198,1198,47,2,3,5,1,1,1,1,0,0
209,209,34,2,3,3,1,0,3,2,0,0
346,346,33,4,4,1,0,0,3,4,0,0
564,564,47,1,1,10,1,1,3,3,0,1
337,337,30,4,4,3,1,0,2,4,0,0
792,792,30,3,3,3,1,0,3,2,0,1
197,197,36,3,4,6,1,1,2,4,0,0
1394,1394,18,3,3,1,1,1,2,2,0,1
1390,1390,35,1,2,5,1,1,3,3,0,1
1125,1125,42,3,3,5,1,1,2,2,0,0
1399,1399,21,3,3,1,1,1,3,1,0,1
1255,1255,21,3,4,3,1,1,1,4,0,1
401,401,30,3,4,5,1,1,1,4,0,0
371,371,37,2,3,4,1,1,2,3,0,0
1275,1275,30,2,3,5,1,1,3,1,1,1
210,210,40,3,3,1,0,1,3,4,0,0
763,763,22,3,4,3,1,1,2,3,0,1
984,984,32,4,4,3,1,0,1,4,0,1
909,909,31,3,3,3,1,1,3,1,1,1
1187,1187,21,2,3,0,1,1,3,4,0,0
163,163,40,3,3,1,1,0,3,3,0,0
284,284,29,2,4,2,1,0,4,4,1,0
549,549,41,3,4,5,1,1,1,3,0,1
1337,1337,21,3,4,1,1,0,3,4,0,1
1096,1096,24,3,4,2,1,1,2,4,0,0
298,298,28,4,4,3,0,1,1,4,0,0
589,589,44,4,4,5,1,1,1,4,0,1
95,95,41,1,3,10,1,1,2,3,1,0
208,208,32,4,4,1,1,1,1,4,0,0
395,395,37,4,4,2,0,1,1,4,0,0
365,365,20,2,3,3,1,1,3,4,0,0
1143,1143,32,4,4,3,1,1,1,4,0,0
1218,1218,49,3,4,4,1,1,3,4,0,1
1226,1226,35,4,4,5,1,0,1,4,0,1
240,240,19,3,4,1,1,1,2,3,0,0
58,58,21,2,3,0,1,1,3,4,0,0
107,107,44,3,4,4,1,0,1,3,0,0
1113,1113,25,2,3,2,1,1,3,2,0,0
882,882,22,3,4,1,1,1,3,3,0,1
148,148,32,4,4,1,1,0,1,3,0,0
1035,1035,48,4,4,4,0,1,1,4,0,0
1043,1043,45,1,1,0,0,0,2,1,0,0
159,159,22,2,2,2,1,1,3,1,0,0
1239,1239,41,4,4,8,1,1,1,4,0,1
485,485,47,3,4,11,1,0,2,3,0,1
727,727,21,2,3,1,1,0,3,2,0,1
1450,1450,27,4,4,4,1,1,3,3,0,1
1428,1428,41,4,3,5,1,0,3,4,0,1
71,71,48,2,3,8,1,1,1,4,0,0
833,833,21,3,3,1,1,1,3,3,0,1
191,191,31,3,4,3,1,0,3,2,0,0
1016,1016,20,3,4,0,1,1,3,3,0,0
114,114,21,3,4,0,1,1,1,3,0,0
1214,1214,42,4,4,4,1,1,3,4,0,1
451,451,26,2,4,2,1,1,1,3,0,1
1228,1228,45,4,4,3,1,1,1,4,0,1
285,285,44,4,4,5,0,1,2,4,0,0
898,898,38,4,4,2,1,0,1,4,0,1
960,960,40,2,4,3,0,1,3,4,0,1
1089,1089,28,1,4,0,1,0,4,1,0,0
482,482,24,4,4,1,1,1,3,2,0,1
394,394,29,4,4,0,1,0,2,4,0,0
945,945,23,2,3,2,1,0,3,2,0,1
1333,1333,26,2,4,3,1,1,1,3,0,1
32,32,26,2,4,0,1,0,1,2,0,0
687,687,36,4,4,6,0,1,1,2,1,1
1237,1237,29,4,4,3,1,1,1,4,0,1
276,276,47,2,1,5,0,1,2,4,0,0
384,384,38,2,4,5,1,1,3,3,0,0
14,14,38,3,4,2,1,1,2,3,0,0
231,231,26,2,4,1,1,1,1,3,0,0
52,52,40,3,4,8,1,1,3,3,0,0
528,528,29,4,4,2,1,0,1,3,0,1
267,267,42,3,4,10,1,0,3,2,0,0
149,149,43,4,4,5,1,1,1,4,0,0
514,514,32,4,4,2,1,0,1,4,0,1
20,20,26,3,4,1,1,0,4,1,0,0
329,329,39,3,4,1,0,1,3,4,0,0
57,57,37,3,4,7,1,1,2,1,0,0
1284,1284,24,4,4,2,1,1,2,4,0,1
393,393,25,3,3,0,1,1,3,4,0,0
1121,1121,45,2,3,6,1,1,3,2,1,0
334,334,27,4,4,1,0,1,3,4,0,0
366,366,42,3,3,3,1,0,2,4,0,0
1156,1156,31,3,4,3,0,0,2,4,0,0
1243,1243,22,4,4,1,1,0,2,2,0,1
1231,1231,27,4,4,3,1,1,1,3,0,1
873,873,26,2,3,2,1,1,3,3,0,1
787,787,22,2,2,2,1,1,2,3,0,1
344,344,21,4,4,1,1,1,3,3,0,0
1236,1236,44,1,4,2,1,1,1,3,0,1
513,513,36,4,4,3,1,0,2,4,0,1
837,837,26,2,3,2,1,1,2,3,0,1
1380,1380,31,1,2,4,1,1,3,3,0,1
545,545,44,4,4,7,1,1,2,4,0,1
844,844,24,3,4,1,1,1,3,4,0,1
793,793,44,3,4,5,1,0,1,4,0,1
958,958,41,3,3,7,0,1,2,4,0,1
63,63,22,2,3,1,1,1,2,1,0,0
64,64,27,2,4,1,1,0,1,3,0,0
244,244,32,3,4,4,1,1,1,4,0,0
117,117,44,3,4,1,1,1,1,3,0,0
383,383,25,2,3,1,1,0,2,1,0,0
794,794,24,3,3,3,1,0,2,1,0,1
743,743,27,2,4,1,1,1,3,3,0,1
1437,1437,27,4,4,1,1,1,1,4,0,1
391,391,33,4,4,5,1,1,3,4,0,0
1103,1103,31,3,3,1,1,0,3,4,0,0
1068,1068,30,4,4,4,1,1,2,4,0,0
290,290,24,4,4,1,1,1,2,2,0,0
312,312,25,1,4,2,1,0,3,3,1,0
1057,1057,27,3,4,2,1,1,1,3,0,0
492,492,37,4,4,3,1,1,1,4,0,1
580,580,43,4,4,6,1,1,1,4,0,1
1412,1412,30,3,4,3,1,1,3,4,0,1
1436,1436,30,2,3,5,1,0,3,4,0,1
881,881,21,1,3,1,1,1,3,3,1,1
47,47,45,4,4,0,1,1,2,4,0,0
273,273,49,2,4,6,0,1,2,3,0,0
1067,1067,47,1,4,7,1,1,2,3,0,0
1012,1012,29,3,4,4,1,1,1,4,0,0
1321,1321,34,3,3,6,1,1,1,4,0,1
397,397,48,1,1,8,1,0,2,2,1,0
1409,1409,28,4,4,4,1,1,3,4,0,1
1373,1373,33,4,4,2,1,0,1,4,0,1
1386,1386,33,4,4,5,1,1,3,3,0,1
447,447,35,4,4,5,0,0,1,4,0,1
742,742,34,2,4,7,1,1,2,3,0,1
759,759,28,4,4,1,1,1,1,3,0,1
381,381,38,2,4,5,0,1,2,2,0,0
295,295,49,3,4,6,1,1,1,4,0,0
1467,1467,29,4,4,3,1,1,1,4,0,1
887,887,30,4,4,3,0,0,2,4,0,1
1260,1260,33,4,4,2,0,0,1,3,0,1
1324,1324,38,4,3,9,1,1,3,3,0,1
1208,1208,40,1,1,0,1,1,3,2,0,0
121,121,36,2,3,5,1,1,2,3,0,0
304,304,23,4,4,1,1,0,2,4,0,0
490,490,23,4,3,3,1,1,3,3,0,1
220,220,22,2,3,1,1,1,3,3,0,0
1326,1326,35,2,2,6,1,0,2,2,1,1
199,199,32,2,4,2,1,1,3,3,0,0
1302,1302,38,4,4,4,1,1,2,4,0,1
404,404,29,3,4,4,1,0,1,3,0,0
203,203,27,2,3,2,1,1,3,3,0,0
1037,1037,37,4,4,2,1,1,1,4,0,0
68,68,23,3,4,2,1,1,3,4,0,0
246,246,34,4,4,2,1,0,1,3,0,0
1294,1294,23,4,4,1,1,0,3,4,0,1
212,212,26,3,4,3,1,1,3,2,0,0
1014,1014,25,4,4,2,1,1,3,2,0,0
434,434,20,3,4,1,1,1,3,2,0,1
1220,1220,28,3,4,3,1,1,1,4,0,1
1325,1325,39,4,4,3,1,0,1,4,0,1
1429,1429,30,4,3,4,1,1,3,3,0,1
1128,1128,42,4,4,3,1,0,1,4,0,0
1407,1407,36,2,3,6,1,1,2,4,0,1
33,33,33,2,2,2,1,1,3,1,0,0
1010,1010,26,2,4,3,1,1,3,4,0,0
200,200,42,1,4,11,0,1,2,2,1,0
595,595,42,4,4,5,1,1,1,4,0,1
609,609,45,3,3,6,0,1,2,4,0,1
198,198,30,1,1,5,1,1,2,2,0,0
757,757,34,4,4,2,1,1,3,3,0,1
1053,1053,35,2,3,8,1,1,3,3,1,0
869,869,28,3,4,5,1,1,2,4,0,1
477,477,21,4,4,1,1,1,1,4,0,1
672,672,24,3,3,2,1,1,3,3,0,1
1285,1285,42,4,4,3,1,0,1,4,0,1
791,791,31,3,4,5,1,1,3,1,0,1
262,262,29,3,3,3,1,0,2,4,0,0
776,776,39,4,3,4,1,1,3,4,0,1
1062,1062,27,3,3,4,1,1,2,4,0,0
5,5,19,4,4,0,1,1,3,3,0,0
778,778,33,4,4,2,0,0,1,3,0,1
275,275,35,3,4,1,0,1,2,3,0,0
608,608,41,4,4,5,0,1,2,4,0,1
1210,1210,33,3,3,3,1,1,3,4,0,0
1457,1457,27,3,3,5,1,1,2,4,0,1
294,294,29,4,4,1,1,1,1,3,0,0
732,732,31,3,3,6,0,1,3,1,0,1
721,721,46,4,4,4,1,1,1,4,0,1
1424,1424,22,2,4,2,1,1,3,2,0,1
333,333,47,4,4,1,0,1,1,4,0,0
1397,1397,22,3,3,2,1,1,3,1,0,1
1069,1069,24,2,3,2,1,1,3,1,0,0
829,829,22,4,4,1,1,0,2,4,0,1
250,250,34,4,4,3,0,1,1,2,0,0
503,503,28,3,3,3,1,1,1,2,0,1
1004,1004,23,2,2,2,1,1,3,3,0,0
1241,1241,23,3,1,1,1,0,3,3,0,1
892,892,22,2,4,1,1,1,3,3,0,1
1377,1377,32,3,3,4,1,1,2,1,0,1
354,354,35,2,3,8,1,1,3,2,0,0
1186,1186,28,4,4,3,0,0,1,4,0,0
443,443,32,4,4,2,0,0,1,4,0,1
235,235,27,2,3,1,1,0,3,4,0,0
635,635,33,3,3,5,1,1,3,4,0,1
321,321,40,1,1,2,1,0,3,4,0,0
749,749,23,4,4,2,1,1,3,4,0,1
569,569,39,4,4,3,0,0,1,4,0,1
705,705,20,2,3,1,1,1,2,1,0,1
1127,1127,44,1,2,2,1,1,3,1,0,0
99,99,27,2,3,5,1,1,2,1,0,0
194,194,18,3,4,0,1,0,3,1,0,0
1217,1217,42,4,4,6,1,1,1,3,0,1
1073,1073,48,3,4,5,1,1,2,3,0,0
1387,1387,25,3,4,2,1,0,2,4,0,1
133,133,28,3,4,1,1,1,3,1,1,0
996,996,25,2,3,4,1,0,3,2,0,1
1343,1343,37,3,3,6,1,1,3,3,0,1
1319,1319,34,1,2,5,1,1,3,4,0,1
1368,1368,28,2,3,3,1,1,2,4,0,1
1311,1311,42,3,3,4,0,1,3,4,0,1
352,352,24,2,2,2,1,1,3,1,1,0
1171,1171,45,2,2,7,1,1,3,1,1,0
74,74,21,3,4,0,1,1,2,3,0,0
1379,1379,37,4,4,1,0,1,1,4,0,1
947,947,35,1,2,4,1,0,4,4,0,1
878,878,27,4,4,2,1,1,3,4,0,1
976,976,29,2,3,3,1,0,3,2,0,1
88,88,27,2,4,4,1,1,1,4,0,0
706,706,33,3,4,4,1,0,2,4,0,1
509,509,35,4,4,5,1,0,1,3,0,1
571,571,21,4,4,1,1,1,2,1,0,1
316,316,28,1,4,2,1,0,2,3,0,0
906,906,28,4,4,4,1,1,2,3,0,1
712,712,31,3,3,3,1,1,2,1,1,1
1130,1130,34,2,4,6,1,0,3,4,0,0
1145,1145,45,4,4,1,1,0,1,4,0,0
277,277,35,2,3,0,1,1,2,4,0,0
662,662,35,4,4,2,1,1,2,4,0,1
1347,1347,25,4,4,3,1,1,3,3,0,1
902,902,27,3,4,2,1,1,1,3,0,1
1040,1040,43,2,3,3,0,1,2,3,0,0
1180,1180,22,3,4,0,1,0,3,4,0,0
493,493,39,4,4,5,1,1,2,4,0,1
1391,1391,33,4,4,3,0,0,2,4,0,1
1107,1107,47,2,2,7,1,1,2,2,0,0
1466,1466,42,2,4,6,1,1,2,4,0,1
581,581,48,4,4,7,0,1,1,4,0,1
1254,1254,37,4,4,7,1,1,1,4,0,1
327,327,35,4,4,2,0,1,3,4,0,0
734,734,33,2,2,7,1,0,2,3,0,1
876,876,29,3,4,4,1,0,1,3,0,1
438,438,28,2,3,2,1,1,3,3,0,1
1245,1245,38,3,4,7,0,1,2,3,0,1
80,80,24,4,4,0,0,1,1,4,0,0
60,60,42,3,3,10,1,1,3,3,0,0
361,361,43,3,3,4,1,1,2,4,0,0
614,614,38,4,4,4,0,1,3,4,0,1
1093,1093,25,3,3,1,1,1,2,2,0,0
142,142,47,4,4,1,1,0,1,3,0,0
1047,1047,28,3,4,1,0,1,2,2,0,0
730,730,30,4,4,2,1,0,2,2,0,1
1403,1403,26,4,4,3,1,1,3,2,0,1
268,268,38,3,3,7,1,1,3,1,0,0
654,654,29,2,4,3,1,0,3,3,0,1
541,541,26,4,4,1,1,0,1,3,0,1
1203,1203,48,1,1,8,1,1,1,1,1,0
1297,1297,35,4,4,5,1,1,1,4,0,1
405,405,23,3,3,2,1,1,3,3,0,0
151,151,21,1,3,4,1,1,3,2,0,0
43,43,40,4,4,2,0,1,1,4,0,0
375,375,23,3,3,2,1,1,2,2,0,0
291,291,36,4,4,4,1,1,1,4,0,0
125,125,31,3,4,2,1,1,1,2,1,0
1023,1023,23,4,4,1,1,0,3,3,0,0
280,280,43,2,3,6,1,0,3,3,0,0
735,735,24,2,2,2,1,1,3,4,0,1
56,56,43,4,4,5,1,0,1,4,0,0
538,538,31,3,4,4,1,1,1,3,0,1
1248,1248,44,3,3,9,1,1,1,1,0,1
424,424,42,2,3,7,1,1,3,4,0,1
1413,1413,22,3,3,3,1,1,3,3,0,1
883,883,28,3,3,4,1,1,3,3,0,1
219,219,31,3,3,2,1,0,2,3,0,0
702,702,29,1,2,5,1,0,1,2,0,1
160,160,23,1,1,3,1,1,2,1,1,0
1276,1276,36,4,4,3,1,1,3,3,0,1
1191,1191,25,4,4,0,0,1,2,4,0,0
414,414,20,2,3,3,1,1,3,4,0,0
402,402,40,2,2,8,1,1,2,2,0,0
168,168,22,4,4,0,1,1,2,4,0,0
243,243,22,4,4,2,1,1,1,3,0,0
322,322,45,3,4,2,0,1,1,4,0,0
807,807,25,2,3,4,1,1,3,3,0,1
1140,1140,22,2,4,1,1,1,3,4,0,0
1041,1041,24,3,3,2,1,0,3,2,0,0
587,587,33,4,3,5,1,1,2,4,0,1
901,901,30,3,4,2,1,1,1,2,0,1
1455,1455,32,2,2,6,1,1,2,3,0,1
708,708,25,4,4,3,1,1,1,4,0,1
781,781,37,4,4,3,1,1,2,4,0,1
911,911,35,2,4,6,1,1,3,4,0,1
798,798,29,3,3,3,1,1,2,1,0,1
1209,1209,46,4,4,6,1,1,1,4,0,0
722,722,40,3,4,3,1,0,1,4,0,1
162,162,44,1,3,0,1,1,2,3,0,0
773,773,27,3,4,4,1,1,3,3,0,1
502,502,37,2,3,7,1,1,3,4,0,1
1384,1384,36,4,4,3,1,1,1,4,0,1
916,916,26,4,4,2,1,0,1,4,0,1
40,40,28,1,1,3,1,1,3,1,0,0
1440,1440,28,4,4,1,0,0,2,4,0,1
957,957,40,2,3,5,1,1,3,3,0,1
1108,1108,30,2,3,1,1,1,2,1,0,0
258,258,44,2,2,1,1,0,3,2,0,0
73,73,29,2,3,1,1,1,1,2,0,0
874,874,24,4,3,3,1,1,3,3,0,1
603,603,26,4,4,2,0,1,1,4,0,1
390,390,33,4,4,0,1,0,3,3,0,0
437,437,33,2,2,3,1,1,2,3,0,1
1469,1469,33,4,4,3,1,1,1,4,0,1
895,895,34,2,2,4,0,1,3,2,0,1
767,767,44,4,4,8,1,1,2,4,0,1
338,338,25,4,4,0,1,0,2,4,0,0
1470,1470,39,3,3,8,1,0,1,4,0,1
542,542,36,3,4,7,1,1,2,2,0,1
558,558,37,4,4,5,1,1,3,4,0,1
665,665,33,3,4,8,1,1,3,4,0,1
1189,1189,37,3,4,0,1,1,3,4,0,0
245,245,34,4,4,2,0,1,1,4,0,0
825,825,24,1,3,4,1,1,3,3,0,1
915,915,47,4,4,5,1,1,1,3,0,1
94,94,47,1,2,3,1,1,1,3,0,0
1117,1117,26,4,4,0,1,1,3,4,0,0
1161,1161,24,4,4,4,1,1,1,4,0,0
1122,1122,30,3,4,4,0,1,2,3,0,0
119,119,26,2,3,2,1,1,3,3,0,0
783,783,38,4,4,6,1,1,2,4,0,1
1427,1427,31,4,4,4,1,0,3,4,0,1
1065,1065,36,1,4,1,1,1,3,3,0,0
758,758,48,3,4,3,1,1,2,3,0,1
506,506,22,4,4,1,1,1,1,2,0,1
755,755,35,4,4,4,1,1,1,4,0,1
9,9,45,1,1,8,1,1,2,2,1,0
1083,1083,35,4,4,5,1,1,1,4,0,0
905,905,22,1,3,2,1,1,3,2,0,1
186,186,20,2,4,0,1,1,3,2,0,0
664,664,29,1,4,3,1,1,4,4,1,1
1077,1077,33,1,1,5,1,1,3,1,1,0
1227,1227,26,2,4,2,1,1,1,4,0,1
1190,1190,24,3,4,2,1,1,2,2,0,0
128,128,43,1,3,2,1,0,2,2,1,0
416,416,46,4,3,5,1,1,1,4,0,1
1287,1287,24,4,4,1,0,1,2,3,0,1
461,461,34,4,4,2,1,1,1,4,0,1
1115,1115,21,4,4,1,1,1,3,4,0,0
797,797,27,4,4,1,0,0,1,3,0,1
1177,1177,41,1,3,3,1,0,2,4,0,0
351,351,40,1,2,6,1,1,3,1,1,0
899,899,43,4,4,5,1,1,1,4,0,1
465,465,38,4,4,2,1,1,1,4,0,1
455,455,32,3,3,2,1,0,3,4,0,1
299,299,26,4,4,1,1,1,1,4,0,0
281,281,21,2,4,2,1,1,3,1,0,0
1293,1293,28,3,4,2,0,1,3,3,0,1
398,398,19,2,2,0,1,1,2,2,0,0
751,751,24,4,4,2,1,1,1,4,0,1
815,815,25,2,4,3,1,1,3,3,0,1
511,511,23,3,3,2,1,0,3,4,0,1
224,224,47,4,4,4,1,1,1,4,0,0
261,261,43,1,3,5,1,0,3,2,0,0
260,260,47,1,2,7,1,0,3,2,0,0
804,804,36,2,2,5,1,1,3,4,0,1
1335,1335,46,3,4,4,1,0,3,4,0,1
409,409,19,3,3,1,1,1,2,4,0,0
45,45,25,1,4,1,1,1,2,1,0,0
863,863,20,4,3,1,1,1,3,4,0,1
925,925,32,3,4,5,0,1,3,4,0,1
19,19,39,2,1,5,1,1,2,1,1,0
247,247,23,4,4,2,1,1,1,4,0,0
30,30,31,3,4,2,1,1,1,4,0,0
716,716,34,2,4,4,1,1,3,3,0,1
75,75,21,3,4,1,1,1,2,3,0,0
16,16,48,1,1,7,1,1,2,4,0,0
93,93,38,2,2,1,1,0,3,2,0,0
795,795,19,4,4,2,1,1,1,4,0,1
962,962,24,3,4,4,1,1,2,3,0,1
487,487,40,4,4,4,1,1,1,3,0,1
161,161,30,4,4,0,1,0,1,4,0,0
670,670,20,3,3,2,1,1,2,4,0,1
913,913,28,4,4,2,1,1,1,4,0,1
1071,1071,47,1,2,2,1,1,2,3,1,0
313,313,40,4,4,2,1,1,3,4,0,0
1306,1306,34,4,4,3,1,0,3,4,0,1
146,146,45,4,4,4,1,1,2,3,0,0
1388,1388,31,4,4,2,0,1,1,4,0,1
1442,1442,42,4,4,3,0,1,2,4,0,1
358,358,49,2,3,0,1,1,1,2,0,0
1382,1382,36,2,2,7,1,0,2,2,1,1
389,389,20,2,3,1,1,1,3,4,0,0
525,525,22,3,4,1,1,1,4,4,0,1
1153,1153,26,2,3,3,1,1,3,4,0,0
123,123,20,2,3,1,0,1,3,2,0,0
420,420,37,3,4,3,1,1,1,3,0,1
37,37,25,3,3,4,1,1,3,2,0,0
31,31,31,4,4,2,1,1,3,2,0,0
484,484,31,3,3,2,1,0,3,3,0,1
1080,1080,25,3,4,3,1,1,1,1,0,0
59,59,49,4,4,6,1,1,1,2,0,0
689,689,41,4,4,1,1,1,3,3,0,1
318,318,16,3,4,1,1,1,3,3,0,0
357,357,22,2,4,4,1,1,3,4,0,0
270,270,30,4,4,2,1,1,1,4,0,0
593,593,27,4,4,2,1,0,1,3,0,1
171,171,49,2,2,8,1,0,3,1,0,0
1292,1292,41,3,4,3,0,1,2,4,0,1
223,223,22,1,2,0,1,1,2,4,0,0
649,649,28,1,2,4,1,1,2,3,0,1
377,377,32,2,4,5,1,1,2,3,0,0
67,67,30,2,3,3,1,1,3,1,0,0
292,292,47,1,2,2,1,1,2,4,0,0
241,241,40,3,3,4,1,1,2,2,0,0
1170,1170,46,1,2,7,1,1,3,1,1,0
1152,1152,46,4,4,10,1,1,1,3,0,0
523,523,26,3,3,2,1,1,3,2,0,1
890,890,33,3,4,6,1,1,3,2,0,1
180,180,34,4,4,2,1,0,1,4,0,0
1188,1188,26,4,4,2,1,1,1,3,0,0
619,619,37,4,4,4,1,1,1,4,0,1
673,673,45,1,3,3,1,1,3,2,0,1
961,961,32,4,4,3,1,0,1,4,0,1
1262,1262,32,4,4,4,1,1,2,3,0,1
1072,1072,24,3,4,1,1,0,3,3,0,0
242,242,41,1,4,4,1,1,3,3,0,0
667,667,27,2,4,3,1,1,4,4,0,1
1091,1091,20,3,4,2,1,1,3,3,0,0
1251,1251,34,3,4,4,1,1,3,3,0,1
353,353,32,2,2,1,1,1,2,1,0,0
973,973,22,1,2,2,1,1,3,4,0,1
1443,1443,21,2,2,0,0,1,4,4,0,1
1438,1438,34,2,4,6,1,1,3,3,0,1
788,788,30,3,4,3,1,1,2,3,0,1
474,474,47,4,4,8,1,1,1,4,0,1
386,386,44,4,4,3,1,0,1,4,1,0
694,694,26,2,4,3,1,1,3,4,0,1
536,536,28,4,4,2,1,0,1,3,0,1
1463,1463,30,1,3,2,1,1,3,4,0,1
1359,1359,29,2,4,4,1,1,3,2,0,1
1173,1173,16,2,4,1,1,1,3,4,0,0
1175,1175,22,2,2,1,1,1,3,1,1,0
269,269,47,1,1,6,1,0,3,1,0,0
1329,1329,32,2,4,3,1,1,3,4,0,1
1013,1013,38,1,2,12,1,1,2,3,0,0
1340,1340,24,2,4,3,1,1,3,3,0,1
566,566,27,4,4,1,0,0,1,4,0,1
1063,1063,45,2,3,11,1,1,2,3,0,0
419,419,36,3,3,5,1,0,1,3,0,1
1002,1002,27,2,4,1,1,0,1,1,0,0
1416,1416,28,4,3,2,1,1,3,2,0,1
494,494,25,4,4,2,1,1,2,4,0,1
789,789,20,2,2,2,1,1,3,2,1,1
1258,1258,29,3,4,3,1,1,1,3,0,1
127,127,36,2,3,2,1,1,3,2,1,0
1279,1279,39,4,4,3,0,1,2,4,0,1
192,192,44,1,1,11,1,1,4,1,1,0
1216,1216,31,4,4,4,1,1,3,3,0,1
601,601,37,4,4,3,0,1,3,4,0,1
211,211,45,1,2,1,1,0,3,3,0,0
1316,1316,44,2,3,1,0,1,2,4,0,1
1453,1453,28,1,3,5,1,1,3,4,0,1
1460,1460,22,4,3,1,1,1,2,2,0,1
1256,1256,47,4,4,4,0,1,2,4,0,1
1046,1046,28,2,3,1,1,1,3,1,0,0
8,8,27,2,3,3,1,1,3,4,0,0
1196,1196,24,2,2,4,1,1,3,4,0,0
1332,1332,24,1,2,3,1,1,3,2,0,1
504,504,40,2,3,6,1,1,1,2,0,1
124,124,44,2,1,3,1,0,3,2,0,0
218,218,32,3,2,4,1,1,2,2,1,0
1369,1369,22,3,3,1,1,1,3,2,0,1
836,836,27,4,4,3,1,1,3,4,1,1
12,12,44,4,4,1,1,0,1,4,0,0
388,388,28,2,4,1,1,0,3,4,0,0
356,356,23,2,4,2,1,1,1,4,0,0
993,993,46,3,4,9,1,1,3,4,0,1
1076,1076,43,4,4,3,0,1,2,4,0,0
1289,1289,32,2,1,5,1,0,2,2,0,1
1430,1430,32,2,4,5,1,1,3,4,0,1
263,263,22,3,3,0,1,1,2,2,0,0
233,233,20,2,3,1,1,1,2,4,0,0
799,799,37,4,4,3,1,1,2,4,0,1
332,332,21,1,2,1,1,0,3,4,0,0
464,464,36,4,4,4,0,1,1,4,0,1
696,696,42,4,4,7,1,1,2,4,0,1
910,910,32,1,3,4,1,1,3,3,0,1
1461,1461,27,4,4,4,1,1,1,2,1,1
1066,1066,49,1,2,8,1,1,3,1,1,0
737,737,27,2,2,5,1,1,3,3,0,1
992,992,34,3,4,3,0,0,3,4,0,1
130,130,48,3,4,3,1,1,3,1,0,0
454,454,36,4,4,2,1,1,2,4,0,1
553,553,47,4,4,4,1,0,1,4,0,1
137,137,21,3,3,2,1,1,2,2,0,0
112,112,21,4,4,1,1,1,1,4,0,0
1054,1054,25,4,4,1,1,1,1,4,0,0
1020,1020,27,1,2,4,1,1,1,4,1,0
628,628,39,4,4,4,0,1,1,4,0,1
118,118,49,4,3,5,1,1,2,3,0,0
1406,1406,36,1,1,5,1,1,3,3,0,1
1344,1344,37,3,3,11,1,1,1,2,0,1
1109,1109,35,4,4,3,1,1,1,4,0,0
1027,1027,41,2,2,5,0,1,2,2,0,0
660,660,25,2,3,1,1,1,3,1,0,1
636,636,34,2,2,8,1,1,2,2,0,1
620,620,38,4,4,6,1,1,1,4,0,1
1181,1181,40,2,2,6,1,1,2,2,1,0
311,311,36,3,3,2,1,0,2,4,0,0
602,602,45,4,4,3,0,1,2,4,0,1
306,306,44,1,2,2,1,1,2,4,0,0
1112,1112,18,3,4,1,1,1,3,3,0,0
307,307,39,3,4,6,1,1,1,4,0,0
1086,1086,27,4,4,2,1,0,1,4,0,0
214,214,43,1,3,8,1,1,3,1,0,0
1070,1070,48,1,1,6,1,1,2,3,1,0
1036,1036,42,4,4,3,1,1,1,4,0,0
746,746,31,2,3,7,1,1,3,3,0,1
1422,1422,37,2,3,6,1,1,3,4,0,1
856,856,28,2,3,3,1,1,3,4,0,1
1242,1242,38,2,3,4,1,1,1,2,0,1
226,226,37,3,3,2,1,1,1,4,0,0
968,968,35,3,4,5,1,1,1,4,0,1
524,524,24,4,4,1,1,1,3,4,0,1
1249,1249,24,4,4,1,1,1,2,4,0,1
97,97,28,4,4,5,1,1,2,1,0,0
728,728,22,4,4,1,1,1,3,3,0,1
336,336,34,4,3,0,0,0,3,3,0,0
436,436,28,2,1,2,1,0,3,3,0,1
1389,1389,38,4,4,4,1,0,1,4,0,1
592,592,32,3,4,5,1,1,1,2,0,1
839,839,25,3,3,3,1,1,2,1,0,1
257,257,44,1,2,7,1,1,3,4,0,0
426,426,39,4,4,4,1,1,1,4,0,1
339,339,28,3,4,3,1,1,2,1,0,0
1205,1205,32,1,3,4,1,1,2,2,1,0
1129,1129,28,4,4,2,1,1,1,3,0,0
1298,1298,39,3,4,5,1,1,3,4,0,1
367,367,23,4,4,1,1,1,2,3,0,0
724,724,32,4,4,3,1,1,1,4,0,1
938,938,28,3,3,3,1,0,2,4,0,1
116,116,34,4,4,3,0,0,3,3,0,0
1253,1253,26,4,4,1,1,0,2,3,0,1
379,379,46,1,2,8,1,1,3,3,1,0
369,369,23,3,3,6,1,1,3,3,0,0
1317,1317,41,4,4,4,0,1,1,4,0,1
1350,1350,16,2,3,1,1,1,3,1,0,1
1144,1144,33,4,4,3,0,0,1,3,0,0
1395,1395,30,3,2,3,1,1,3,3,0,1
248,248,27,4,4,1,1,1,1,2,0,0
617,617,35,2,2,6,1,1,3,4,0,1
1033,1033,47,2,2,4,1,1,3,1,0,0
747,747,44,4,4,11,1,1,1,4,0,1
1064,1064,29,3,4,2,1,1,1,3,0,0
297,297,47,4,4,2,1,1,1,4,0,0
1221,1221,22,4,4,1,1,1,1,3,0,1
645,645,30,2,2,6,1,1,3,1,0,1
710,710,32,2,3,4,1,1,3,2,0,1
2,2,43,2,3,7,1,1,3,4,0,0
1090,1090,21,2,4,0,1,1,2,2,0,0
1192,1192,22,2,1,0,1,1,2,2,0,0
885,885,23,3,2,1,1,1,3,3,0,1
343,343,45,3,4,3,0,1,3,4,0,0
202,202,36,2,4,2,1,0,2,4,0,0
1133,1133,28,3,4,0,1,0,3,4,0,0
448,448,36,4,4,3,0,1,1,3,0,1
1142,1142,42,1,3,12,1,1,2,4,0,0
501,501,29,4,4,2,1,0,1,3,0,1
1167,1167,48,3,4,8,1,1,3,3,0,0
271,271,28,3,4,1,1,1,3,4,0,0
108,108,29,2,3,2,1,1,3,1,0,0
44,44,28,2,2,1,1,1,3,2,0,0
305,305,23,4,4,2,1,0,3,3,0,0
1184,1184,29,3,4,2,1,1,3,4,0,0
1290,1290,26,2,2,4,1,1,3,4,0,1
864,864,32,1,4,4,1,1,3,2,0,1
1149,1149,36,4,3,3,1,0,3,2,0,0
1270,1270,41,4,4,4,0,0,2,4,0,1
1172,1172,34,3,4,4,0,1,3,1,1,0
324,324,28,4,4,1,0,1,1,3,0,0
1355,1355,24,4,4,1,1,1,1,4,0,1
18,18,37,2,2,8,1,1,2,3,0,0
249,249,46,3,2,11,1,0,2,2,1,0
87,87,35,4,4,3,0,1,1,4,0,0
956,956,20,2,2,1,1,1,3,2,0,1
229,229,28,3,4,0,1,1,3,2,0,0
1052,1052,22,4,4,0,1,0,2,4,0,0
723,723,21,4,4,1,1,1,2,3,0,1
988,988,25,2,3,5,1,1,2,3,0,1
1434,1434,24,4,4,1,1,1,1,3,0,1
1425,1425,33,2,3,4,1,1,2,3,0,1
25,25,40,2,4,8,1,1,3,3,0,0
939,939,34,4,4,6,1,1,2,2,0,1
165,165,37,3,4,1,1,1,2,4,0,0
21,21,24,3,4,0,1,0,3,1,0,0
330,330,32,3,4,1,0,1,2,4,0,0
289,289,35,1,3,0,1,1,2,2,1,0
539,539,27,4,4,3,1,1,1,4,0,1
943,943,21,3,3,1,1,1,3,2,0,1
196,196,25,2,2,3,1,0,3,1,0,0
205,205,22,2,3,2,1,1,3,1,0,0
319,319,32,2,3,4,0,1,2,4,0,0
1445,1445,36,4,4,3,0,1,3,4,0,1
78,78,33,2,3,2,1,1,3,2,0,0
1088,1088,46,3,1,5,1,1,3,2,0,0
452,452,25,3,3,1,1,1,3,1,0,1
308,308,21,3,3,0,1,1,2,2,0,0
1367,1367,44,4,4,5,1,0,1,4,0,1
1447,1447,34,4,4,2,0,0,2,4,0,1
572,572,36,3,4,4,0,0,2,4,0,1
232,232,21,3,4,0,1,0,3,1,0,0
190,190,30,1,2,4,1,1,4,1,0,0
884,884,22,3,4,1,0,0,1,4,0,1
676,676,33,4,4,5,1,1,1,4,0,1
586,586,24,4,4,1,1,1,1,4,0,1
618,618,34,4,4,6,1,1,3,4,0,1
101,101,19,2,3,0,1,0,2,2,0,0
1110,1110,34,2,2,9,1,0,2,3,0,0
927,927,41,1,2,6,1,1,3,3,0,1
997,997,28,2,3,6,1,1,2,4,0,1
768,768,25,4,4,1,0,1,1,4,0,1
918,918,30,4,4,2,1,1,4,3,0,1
230,230,48,1,3,4,1,1,3,4,1,0
143,143,35,4,4,2,0,1,3,3,0,0
851,851,41,4,4,8,1,1,1,4,0,1
1082,1082,30,4,4,1,1,0,1,4,0,0
1021,1021,41,2,4,1,1,1,2,3,0,0
1448,1448,35,2,3,5,1,1,3,3,0,1
1423,1423,34,4,4,2,0,1,1,4,0,1
411,411,42,2,4,2,1,1,3,4,0,0
122,122,26,3,4,2,1,1,3,3,0,0
335,335,31,2,2,8,1,1,2,2,1,0
1183,1183,42,4,4,0,0,0,3,4,0,0
355,355,27,2,2,1,1,0,3,2,1,0
431,431,18,3,4,1,1,1,3,4,0,1
105,105,40,3,3,3,1,1,3,2,0,0
363,363,30,2,3,2,1,0,2,4,0,0
698,698,27,4,4,2,1,1,1,4,0,1
1104,1104,22,4,4,0,1,1,2,1,1,0
1225,1225,30,2,2,7,1,1,3,4,0,1
1272,1272,29,4,4,3,1,1,3,2,0,1
1182,1182,29,3,4,1,0,1,2,3,0,0
853,853,22,3,4,1,1,0,1,4,0,1
264,264,31,2,4,5,1,1,3,2,0,0
613,613,46,4,4,3,0,0,1,4,0,1
189,189,27,3,2,3,1,1,3,2,0,0
48,48,26,4,4,1,1,1,1,4,0,0
217,217,34,3,2,8,1,0,2,3,1,0
922,922,35,1,2,5,1,1,2,2,1,1
808,808,29,2,4,4,1,0,2,4,0,1
140,140,33,4,4,2,1,1,1,3,0,0
29,29,43,1,2,8,1,1,2,4,0,0
963,963,20,3,4,1,0,1,2,4,0,1
769,769,34,4,4,3,1,1,1,4,0,1
167,167,26,4,4,1,1,1,1,4,0,0
1106,1106,45,3,4,0,1,1,1,3,0,0
544,544,38,4,4,6,1,1,3,3,0,1
904,904,25,1,2,3,1,1,2,3,0,1
663,663,30,4,4,1,1,1,1,4,0,1
42,42,48,2,4,2,1,1,1,3,0,0
1349,1349,24,1,2,3,1,1,3,2,0,1
421,421,44,2,4,4,1,1,3,3,0,1
387,387,19,4,4,0,0,1,3,4,0,0
1138,1138,48,3,4,11,1,1,1,4,0,0
530,530,36,3,2,6,1,1,3,2,0,1
1351,1351,21,3,2,1,1,1,3,1,1,1
552,552,29,4,4,3,1,0,3,3,0,1
785,785,27,3,3,3,1,1,2,2,0,1
471,471,34,2,3,2,1,1,3,3,0,1
61,61,20,2,3,1,1,1,2,3,0,0
824,824,29,3,4,5,1,1,1,2,0,1
896,896,39,4,4,2,0,1,3,4,0,1
658,658,32,2,3,5,1,0,2,3,0,1
496,496,31,4,4,3,1,1,1,4,0,1
132,132,48,1,2,8,1,1,3,1,0,0
774,774,32,4,4,2,1,0,3,4,0,1
923,923,21,2,2,1,1,1,3,2,0,1
560,560,38,4,4,3,1,0,1,4,0,1
476,476,44,4,4,6,0,1,1,3,0,1
3,3,42,3,2,9,1,1,3,3,0,0
399,399,46,1,2,3,1,1,2,1,1,0
591,591,35,3,4,3,1,1,2,2,0,1
1028,1028,40,2,2,8,1,1,1,3,0,0
252,252,25,3,3,1,1,1,3,2,0,0
96,96,41,2,3,1,1,0,2,3,0,0
362,362,37,1,3,0,1,1,3,4,0,0
854,854,29,3,3,6,1,1,3,3,0,1
1042,1042,29,2,4,0,1,0,3,4,0,0
823,823,30,3,3,3,1,1,3,1,0,1
150,150,44,4,4,3,1,1,2,4,0,0
174,174,25,3,2,2,1,1,3,2,0,0
301,301,29,4,2,0,1,0,2,2,0,0
1134,1134,27,3,4,0,1,1,3,3,0,0
278,278,44,3,4,6,1,1,3,4,0,0
1193,1193,45,4,4,1,1,1,1,4,0,0
604,604,40,3,4,2,0,1,3,4,0,1
1163,1163,41,3,4,3,0,1,2,4,0,0
326,326,44,1,3,4,1,1,3,3,1,0
1126,1126,31,4,4,2,1,1,1,2,0,0
84,84,30,4,4,2,1,1,1,4,0,0
1334,1334,35,3,4,4,1,0,1,4,0,1
1201,1201,25,4,4,3,1,1,1,2,0,0
638,638,47,1,1,8,1,1,3,4,1,1
373,373,39,3,4,3,1,1,1,4,0,0
323,323,21,1,3,0,1,0,3,4,1,0
1135,1135,26,2,3,1,1,0,4,4,0,0
655,655,29,4,4,2,1,1,3,4,0,1
596,596,40,4,4,6,1,1,1,3,0,1
954,954,21,3,3,2,1,1,2,3,0,1
296,296,49,3,4,9,1,1,1,4,0,0
1097,1097,39,3,1,1,1,1,2,3,0,0
266,266,45,3,4,6,1,1,2,4,0,0
255,255,36,4,4,2,1,1,3,3,0,0
478,478,42,4,4,6,1,1,1,3,0,1
1039,1039,24,3,4,0,1,0,2,3,0,0
1044,1044,31,4,4,3,1,0,2,3,0,0
762,762,28,2,2,5,1,0,2,4,0,1
491,491,40,4,4,6,0,0,1,4,0,1
1362,1362,29,1,2,1,1,1,3,3,0,1
126,126,45,4,4,1,1,1,1,3,0,0
274,274,23,3,4,2,1,0,2,3,0,0
1026,1026,39,2,2,5,1,0,3,2,1,0
138,138,30,4,4,2,0,1,3,1,0,0
408,408,35,3,3,2,1,0,2,2,0,0
1003,1003,25,4,4,0,1,0,3,4,0,0
830,830,19,4,4,1,1,1,2,4,0,1
1194,1194,47,4,4,1,1,1,1,4,0,0
693,693,34,2,3,2,1,1,2,3,0,1
1100,1100,24,4,4,1,1,0,1,3,0,0
1157,1157,36,3,3,3,0,0,2,3,1,0
813,813,40,3,4,6,1,1,1,3,0,1
1078,1078,37,3,4,7,1,1,3,4,0,0
653,653,48,4,4,16,1,1,1,4,0,1
1099,1099,23,3,4,4,1,1,3,1,1,0
546,546,25,4,4,1,1,1,1,4,0,1
688,688,36,4,4,4,0,1,1,4,0,1
508,508,32,4,4,3,0,1,3,3,0,1
946,946,25,2,2,1,1,1,3,3,0,1
981,981,37,4,4,3,0,1,3,4,0,1
303,303,24,2,4,2,1,1,3,4,0,0
948,948,32,3,4,4,1,1,3,2,0,1
894,894,35,4,3,2,0,1,3,4,0,1
978,978,22,3,4,2,1,1,2,4,0,1
1146,1146,26,2,3,1,1,0,3,4,1,0
26,26,38,4,4,1,1,0,1,4,0,0
771,771,20,4,4,2,1,1,1,3,0,1
179,179,49,2,1,10,1,0,2,4,0,0
378,378,18,2,3,1,1,1,2,3,0,0
1468,1468,33,4,4,2,1,0,2,4,0,1
800,800,32,2,2,8,1,1,2,1,0,1
1000,1000,35,2,2,6,1,0,3,1,1,0
534,534,44,4,4,7,1,1,3,2,0,1
1098,1098,25,1,3,1,1,1,4,2,0,0
505,505,33,4,4,4,1,1,1,4,0,1
36,36,43,1,2,8,1,0,3,1,0,0
814,814,17,3,4,1,1,1,2,1,0,1
1114,1114,27,3,4,0,1,0,3,3,0,0
135,135,26,3,3,3,1,0,2,4,0,0
1405,1405,47,1,3,9,1,0,3,3,0,1
497,497,26,4,4,1,0,1,2,4,0,1
187,187,36,2,3,4,1,1,3,1,1,0
423,423,25,2,4,6,1,1,3,4,0,1
1213,1213,31,4,4,0,0,0,2,4,0,0
718,718,32,4,4,3,0,1,1,4,0,1
1154,1154,25,3,2,1,1,0,3,3,0,0
82,82,24,2,4,1,1,0,4,4,0,0
495,495,48,4,4,4,0,1,1,4,0,1
1352,1352,25,2,4,2,1,1,2,4,0,1
348,348,25,2,2,3,1,1,3,3,0,0
1159,1159,43,3,4,2,0,1,3,4,0,0
111,111,32,3,3,7,1,0,2,3,0,0
1005,1005,48,1,1,1,1,0,3,3,1,0
265,265,22,4,4,0,1,1,1,3,0,0
1197,1197,34,3,3,6,1,1,2,3,0,0
703,703,29,2,3,4,1,1,2,1,0,1
1084,1084,28,2,4,0,1,1,3,1,0,0
775,775,48,3,4,8,1,0,1,4,0,1
50,50,31,4,4,0,1,0,1,4,0,0
1385,1385,28,4,4,1,1,1,2,4,0,1
931,931,35,4,4,3,0,1,3,4,0,1
170,170,47,4,4,4,1,1,1,4,0,0
1451,1451,37,2,4,4,1,0,2,3,0,1
406,406,24,2,2,3,1,1,2,4,0,0
173,173,22,3,3,2,1,1,3,4,0,0
666,666,37,3,4,5,1,0,2,4,0,1
1318,1318,36,4,4,3,1,1,1,4,0,1
1265,1265,35,2,4,4,0,1,3,2,0,1
562,562,41,3,3,5,1,1,1,4,0,1
342,342,23,4,4,0,0,1,2,4,0,0
1410,1410,21,4,4,2,1,1,3,3,0,1
91,91,46,2,4,6,1,1,1,4,0,0
1464,1464,23,2,2,1,1,1,2,4,0,1
7,7,21,3,3,1,1,0,3,2,0,0
615,615,30,3,4,7,1,1,2,4,0,1
985,985,35,4,4,4,0,0,1,4,0,1
1174,1174,18,3,2,1,1,1,3,1,0,0
450,450,23,4,4,1,1,1,3,4,0,1
715,715,43,3,3,5,1,0,3,3,0,1
849,849,38,2,3,3,1,1,2,4,0,1
76,76,29,4,4,0,1,0,2,4,0,0
103,103,26,4,3,4,1,1,2,3,0,0
515,515,30,4,1,4,1,1,3,3,0,1
1206,1206,47,1,2,2,1,1,2,4,0,0
532,532,47,4,4,6,1,0,1,4,0,1
964,964,32,4,4,4,1,0,1,4,0,1
77,77,45,3,4,3,1,1,1,4,0,0
380,380,37,3,3,6,1,1,2,2,0,0
979,979,45,4,4,3,1,1,1,4,0,1
639,639,25,2,4,3,1,1,1,4,1,1
770,770,26,4,4,3,1,1,3,4,0,1
28,28,24,4,4,0,1,0,2,2,0,0
1257,1257,41,4,4,3,1,0,2,3,0,1
1354,1354,43,4,4,2,1,1,1,4,0,1
400,400,39,1,2,2,1,1,3,1,1,0
439,439,30,2,4,1,1,0,3,4,0,1
1212,1212,21,2,4,3,1,1,3,2,0,0
1396,1396,35,2,3,6,1,0,3,2,0,1
1111,1111,28,4,4,1,1,0,1,3,0,0
253,253,26,4,4,1,1,0,1,4,0,0
610,610,48,4,4,6,0,1,2,4,0,1
131,131,30,4,4,0,0,0,1,3,0,0
908,908,26,4,4,2,1,0,3,3,0,1
120,120,38,1,2,1,1,1,2,4,1,0
936,936,43,3,3,2,0,0,3,4,0,1
1164,1164,48,3,4,4,0,1,2,4,0,0
1383,1383,26,3,4,2,1,0,2,4,0,1
51,51,49,4,4,7,0,1,2,4,0,0
499,499,29,4,4,1,1,0,2,4,0,1
1176,1176,32,2,2,2,1,1,2,4,0,0
1162,1162,33,2,2,3,0,0,2,4,0,0
986,986,25,4,4,1,1,1,1,4,0,1
1034,1034,42,4,4,1,1,1,2,4,0,0
188,188,19,3,3,2,1,1,3,2,0,0
360,360,18,3,4,1,1,1,3,1,0,0
629,629,39,4,4,5,1,1,1,4,0,1
184,184,35,3,4,5,1,0,2,2,0,0
977,977,38,4,4,3,0,0,3,3,1,1
1366,1366,25,4,4,2,1,1,1,2,0,1
582,582,28,4,4,2,1,1,1,3,0,1
172,172,22,2,4,1,1,1,2,4,0,0
1392,1392,30,2,2,2,1,1,3,2,0,1
1312,1312,42,2,4,5,0,1,2,3,0,1
228,228,47,1,4,8,1,1,3,3,0,0
822,822,28,3,4,2,1,1,2,3,0,1
1017,1017,35,4,4,1,1,1,1,3,0,0
23,23,39,4,4,1,1,1,1,4,0,0
62,62,47,1,2,2,1,0,1,3,0,0
970,970,31,4,4,1,1,1,1,4,0,1
221,221,27,3,4,0,1,1,3,3,0,0
134,134,26,4,4,1,1,1,1,3,0,0
236,236,37,2,3,5,1,0,3,2,0,0
1118,1118,28,4,4,5,1,1,1,4,0,0
1116,1116,19,4,4,1,1,1,1,3,0,0
1007,1007,31,3,4,2,1,1,3,3,0,0
921,921,45,3,4,2,0,1,3,3,0,1
1207,1207,27,4,4,3,1,1,1,4,0,0
1051,1051,36,1,4,2,1,1,2,2,0,0
1049,1049,43,4,4,6,1,1,1,3,0,0
845,845,32,2,3,4,1,0,2,2,0,1
374,374,49,1,3,0,1,1,3,3,1,0
1381,1381,36,1,2,4,1,1,3,1,1,1
176,176,28,4,4,0,0,1,1,3,0,0
690,690,38,3,4,3,1,1,3,2,0,1
27,27,29,4,4,0,1,0,1,4,0,0
1055,1055,43,1,2,8,1,1,2,2,1,0
178,178,45,2,4,2,1,0,2,4,0,0
1323,1323,21,3,3,1,0,1,3,2,0,1
164,164,34,4,4,4,1,1,2,3,0,0
1358,1358,26,4,4,2,1,1,3,3,0,1
