,fLength,fWidth,fSize,fConc,fConc1,fAsym,fM3Long,fM3Trans,fAlpha,fDist,class
7365,69.5501,24.6282,3.4084,0.2058,0.1052,29.9314,66.0273,14.3879,9.3943,241.037,0
10443,63.8426,20.616,3.0348,0.287,0.15,28.5964,66.0377,-14.9429,11.7311,198.348,0
6326,36.7172,23.8754,3.2685,0.2312,0.1215,8.0276,23.4216,-12.0407,3.0427,86.714,0
10056,21.9771,6.7315,2.1021,0.7194,0.3913,24.4014,10.5652,-6.658,42.9804,172.796,0
3062,88.2709,30.3081,3.2541,0.1788,0.1061,-31.1377,83.8799,-19.2065,2.21,329.025,0
12082,64.775,24.0241,3.3869,0.1637,0.0876,-90.6431,43.3913,-10.169,0.656,250.51,0
8689,30.9023,17.6166,2.6021,0.39,0.2612,21.4873,24.5736,-9.8571,10.6775,202.231,0
5478,87.028,20.9835,2.9759,0.1903,0.1052,-120.361,69.5958,-6.8439,10.7918,282.555,0
5396,23.0525,15.1418,2.3838,0.438,0.2624,13.5555,15.8065,11.7827,54.648,129.674,0
7793,51.472,10.4108,2.5453,0.3276,0.1838,73.5451,17.7028,-7.1886,16.7782,176.559,0
10869,41.8199,15.1673,2.7308,0.329,0.1682,-18.5414,13.1451,12.3781,3.823,159.861,0
11321,18.7573,15.3789,2.6474,0.473,0.2917,-2.8784,6.5901,5.7708,10.6572,47.6311,0
7993,32.174,8.6703,2.3551,0.4547,0.2494,-9.7892,-22.6632,9.8775,5.0804,157.615,0
8384,67.3382,29.0223,2.9012,0.2524,0.1387,-14.4213,48.1027,-27.8305,5.176,328.086,0
4084,16.5149,11.558,2.2833,0.5938,0.2995,1.2281,-5.6061,-2.4139,48.896,199.29,0
12255,79.6387,26.9121,3.4607,0.1675,0.0843,-54.9231,65.9371,-20.4289,5.2634,303.1,0
11705,35.6053,19.2838,3.1762,0.2819,0.1476,5.738,24.4213,-15.2758,8.714,202.115,0
6684,29.2898,18.5989,2.7455,0.336,0.1824,-13.826,-15.1663,12.4365,20.232,116.403,0
9018,57.4159,17.4763,2.8344,0.2738,0.1428,22.4771,60.2797,12.2177,14.6429,202.665,0
4203,22.2827,12.286,2.3811,0.5322,0.3139,27.0087,9.5843,7.4325,34.432,162.542,0
8683,91.7477,22.9294,2.9219,0.3208,0.1957,-109.887,67.2351,-23.3411,9.9993,222.721,0
330,19.7692,15.8392,2.6821,0.5489,0.3274,-19.1665,-15.8836,11.4315,83.8778,50.7506,0
11516,30.6982,16.7852,2.829,0.3291,0.1964,8.8165,19.0026,9.4149,22.856,157.278,0
6306,18.8495,11.5078,2.3674,0.6352,0.3326,11.491,18.224,6.6396,65.3027,148.866,0
1491,56.7107,17.0717,2.749,0.221,0.1221,-20.0571,-33.8718,-4.3812,2.489,162.538,0
11729,69.4048,31.3935,3.5099,0.1833,0.0923,52.7626,75.361,-17.7657,1.9954,159.731,0
8036,12.7568,11.5659,2.1287,0.7063,0.4052,-15.4452,9.2566,5.7565,16.342,93.382,0
787,51.5731,25.2638,3.3256,0.1777,0.0914,8.34,40.4314,-17.4561,3.174,235.107,0
9530,46.9382,18.8261,3.2709,0.2824,0.1712,17.6733,36.0551,13.164,10.416,155.512,0
1843,18.7375,9.9878,2.2856,0.6321,0.3497,21.9776,11.5671,5.4097,17.6368,50.7272,0
5276,20.2208,11.1673,2.3201,0.5885,0.2943,8.1697,-18.365,8.4123,38.769,206.788,0
9078,51.0625,21.492,3.1045,0.1958,0.1183,3.7852,-37.1419,15.7351,4.629,159.512,0
4918,30.154,12.0094,2.4928,0.4759,0.2813,33.3678,23.9532,-4.2966,7.271,183.715,0
2185,37.9632,24.1878,2.8354,0.2264,0.1468,37.7066,19.804,14.8819,1.7101,186.551,0
2561,25.9887,0.0,2.3274,0.7576,0.4212,-27.4587,-14.2246,-0.0001,15.89,189.793,0
2175,23.1207,14.0498,2.6479,0.4522,0.2396,3.982,14.7351,-6.5502,22.208,143.885,0
9730,48.4137,17.6279,3.0533,0.2574,0.1305,-52.0346,-29.4894,14.7127,0.3636,217.651,0
10158,21.9801,9.9722,2.2041,0.6312,0.3969,20.4518,19.9955,11.4957,7.597,81.0011,0
5007,20.5897,9.9634,2.3365,0.5991,0.3756,-3.546,15.1735,8.6621,0.9856,183.648,0
3047,90.8675,24.7563,3.1543,0.2986,0.1728,68.0419,63.9433,11.4056,3.5131,302.552,0
3056,36.5256,13.4239,2.5289,0.3047,0.1642,33.8351,-15.9057,7.4525,7.4831,114.112,0
6817,23.8449,12.7567,2.4183,0.4771,0.2729,17.534,16.7979,-6.8923,45.306,150.858,0
6078,28.5822,17.7111,2.6537,0.3374,0.1743,2.5716,9.6897,-4.434,25.8715,121.957,0
256,21.1221,9.3478,2.2967,0.697,0.452,18.4225,20.1723,-11.544,75.3948,167.109,0
2920,21.0882,6.971,2.0512,0.7289,0.4044,22.7032,12.6902,6.1804,42.201,177.704,0
5877,65.7116,24.1272,3.2163,0.1817,0.0939,27.0021,59.1527,10.1304,0.32,193.564,0
6401,62.3965,21.7309,2.7063,0.3127,0.1603,-66.1492,42.2396,7.7642,6.155,292.278,0
9778,28.5,14.5305,2.73,0.3706,0.1927,27.8753,23.2323,9.5886,1.702,135.178,0
5999,44.932,20.694,2.5883,0.3252,0.1871,-8.5346,-40.3541,-11.0593,10.503,160.204,0
2179,38.3052,9.9404,2.4306,0.538,0.3618,36.1565,34.3164,6.2768,29.98,137.624,0
569,33.7959,12.4542,2.567,0.3821,0.2344,15.7147,22.9081,-4.5372,27.8917,181.831,0
9735,21.9208,16.679,2.4624,0.469,0.3121,28.2408,-11.2706,13.0344,11.79,223.683,0
4420,16.0114,11.5852,2.3181,0.6202,0.387,-0.0002,-0.6218,7.5023,6.335,156.843,0
7314,86.4233,23.8555,3.3173,0.2986,0.1832,-19.5255,-47.0961,-9.5435,5.462,321.665,0
1475,79.5318,19.7938,2.7675,0.2886,0.1529,56.1853,61.0039,17.8268,3.2801,272.398,0
7492,41.9039,22.8557,3.1612,0.2263,0.1259,32.2199,31.4384,11.2691,15.7477,137.388,0
4840,32.1215,20.0731,2.5927,0.2989,0.1596,35.4611,-13.9957,-15.0854,23.424,185.812,0
9030,44.8094,25.0454,2.9167,0.2071,0.1157,24.6103,-23.6855,-14.0514,22.0962,216.643,0
6693,19.9428,16.0295,2.2188,0.435,0.2266,-6.435,18.1783,-2.0147,44.0604,74.6269,0
4661,40.1304,18.5129,2.8041,0.2527,0.1609,16.2275,20.2096,13.633,13.0774,224.166,0
7477,56.0434,23.3478,2.9098,0.2265,0.1237,12.9185,52.4391,-16.0983,1.7181,193.002,0
4955,51.4038,10.5155,2.74,0.3167,0.1665,-30.3021,30.738,-10.9315,4.989,240.089,0
10106,20.985,7.0479,2.07,0.7234,0.3872,23.2778,11.7704,6.1203,45.312,149.399,0
10566,99.7911,34.2064,3.807,0.1435,0.0855,82.7882,95.4397,15.9097,4.3725,248.705,0
4606,17.4165,11.0991,2.248,0.548,0.2853,-1.3577,6.7807,-3.6904,5.525,155.323,0
10494,43.0284,31.3883,2.799,0.2272,0.1152,56.8515,27.3781,16.6231,65.1875,176.816,0
4032,80.271,27.8899,3.1882,0.2425,0.1592,-43.3434,61.0639,20.5658,2.956,286.609,0
4446,88.7747,24.3092,3.4783,0.2005,0.1029,35.667,92.4847,-15.6103,1.8142,273.908,0
9459,19.7576,7.3677,2.0917,0.7449,0.417,2.2005,-8.8224,-4.9836,17.401,136.693,0
1867,66.6981,24.516,2.7843,0.2728,0.1504,44.6334,44.8596,14.3485,8.269,267.995,0
8836,12.9697,9.9206,2.1833,0.8,0.5541,11.5638,8.2103,8.6755,76.267,121.243,0
8697,29.6915,17.4648,2.716,0.4288,0.2625,9.0854,-20.8719,13.8854,11.1156,197.096,0
1347,12.787,11.5763,2.0473,0.7265,0.3722,-15.1619,5.3573,-11.5712,72.426,126.472,0
464,76.4482,26.3884,3.0874,0.2257,0.1141,-29.7807,62.0248,16.3129,14.573,305.318,0
3820,27.9041,18.425,2.6716,0.3429,0.1821,36.6321,18.8272,-12.1877,15.7771,111.781,0
3430,16.4178,11.3364,2.3324,0.614,0.3744,-2.3333,5.9175,7.4085,65.558,197.513,0
3524,22.4568,12.7081,2.1987,0.5886,0.3386,15.1961,13.0024,9.2513,46.9182,47.0187,0
9133,38.2724,15.6283,2.9047,0.4047,0.2235,-59.0244,24.2217,10.6781,0.378,271.433,0
6381,33.4757,12.2036,2.6269,0.3896,0.2113,1.7549,-7.047,3.1357,20.071,175.236,0
8106,43.1642,19.6792,2.9015,0.2459,0.1286,43.6493,32.1716,-13.947,11.4188,176.62,0
4474,17.6926,10.7532,2.2577,0.6022,0.3287,-2.2635,7.9581,-6.3275,15.1814,238.986,0
10777,38.3425,22.701,3.1492,0.2738,0.1989,27.3754,31.0201,-0.7477,9.9482,214.491,0
10363,22.5967,11.999,2.3589,0.512,0.3042,-28.3095,3.7697,-9.5853,56.553,116.499,0
2275,55.7912,20.7167,3.1128,0.2221,0.1207,60.7298,31.254,14.2229,2.106,197.872,0
10940,39.9551,22.8866,3.2417,0.2459,0.1505,13.6739,23.7879,8.4608,7.511,134.214,0
7503,19.8075,17.3821,2.6299,0.3962,0.2263,0.6957,-6.7164,6.4482,27.7967,53.1241,0
10075,23.0076,10.6264,2.2648,0.5489,0.3016,23.656,18.97,10.3637,62.1533,168.74,0
7357,29.0806,14.9597,2.3086,0.4619,0.2531,27.5548,22.79,-10.4324,29.987,156.948,0
1394,19.4386,17.1093,2.4541,0.6151,0.3146,23.4671,13.2628,-19.1985,58.159,125.414,0
3962,87.8129,32.4592,3.6522,0.2154,0.1155,32.8172,-47.1027,10.3258,0.3878,363.262,0
3713,21.7908,10.996,2.2601,0.5495,0.2995,14.7572,18.4806,7.2367,23.2454,201.817,0
5991,69.865,26.058,3.207,0.2086,0.1065,7.853,22.5798,21.2982,3.4938,274.627,0
5204,36.0699,15.0459,2.7976,0.2948,0.1602,2.2124,22.3355,-10.2402,4.5385,210.714,0
8327,24.5684,20.9799,2.6031,0.3641,0.2232,-13.7276,-19.7249,14.07,13.1428,168.471,0
10990,27.3516,12.9017,2.4829,0.4178,0.2484,5.299,20.8106,-8.3683,3.4856,188.041,0
1056,24.7867,22.2327,2.8319,0.2946,0.1583,-14.3863,20.5592,10.9994,39.2593,186.727,0
3495,54.6094,22.2694,2.8794,0.2693,0.1432,-82.0302,35.7096,19.3531,2.1067,278.049,0
400,106.364,49.748,4.3237,0.0584,0.0301,10.6809,83.0956,-23.9498,0.624,244.643,0
1934,44.5834,21.4692,2.6222,0.2458,0.1277,-22.7255,-23.874,15.0791,16.8631,140.315,0
9703,21.8607,9.5189,2.2601,0.6648,0.4313,19.573,20.2944,11.5292,5.205,109.902,0
5604,19.8358,12.8734,2.4273,0.5009,0.2785,13.8348,12.9184,7.3638,15.6293,58.9761,0
11328,22.1515,10.6322,2.1847,0.5359,0.2712,-16.1746,-17.3618,-7.8555,48.964,77.2833,0
4763,20.201,12.8139,2.3936,0.497,0.301,14.8803,13.9664,-5.2142,36.8528,206.465,0
415,36.852,25.1337,3.0052,0.2184,0.1131,19.2474,29.5049,6.2066,8.877,98.7117,0
6795,90.4744,34.7523,3.7861,0.1859,0.1113,24.1058,52.5415,-24.8199,2.281,364.284,0
9781,74.6202,25.9007,3.3077,0.1881,0.1051,17.0072,78.9545,-20.2618,5.231,203.421,0
4730,33.5414,11.6431,2.5378,0.4319,0.2217,11.4003,21.0699,11.6025,9.224,117.892,0
5547,92.0265,32.3334,3.8482,0.136,0.0682,-100.139,72.706,25.793,1.0326,299.341,0
1743,18.9883,16.4769,2.4241,0.5047,0.2881,12.4742,18.3294,12.6554,31.8054,99.6356,0
12314,27.4997,15.2199,2.8528,0.4,0.2056,18.3768,16.7495,9.7918,33.818,45.7419,0
2791,34.2283,12.2816,2.499,0.5864,0.3376,30.8257,20.6314,10.9961,7.7895,214.322,0
9962,16.5285,10.999,2.3692,0.6581,0.3996,-3.3234,6.3665,-8.1195,11.404,131.501,0
7014,20.9032,7.0846,2.0273,0.723,0.3803,23.4655,11.4034,6.0662,25.9219,202.874,0
6518,32.9755,17.0225,2.8092,0.3057,0.1575,-3.5034,21.2323,-7.2435,7.944,133.989,0
4310,24.205,14.851,2.6604,0.4393,0.2678,-13.67,-10.0985,11.2924,49.512,128.384,0
10645,65.9154,26.1476,3.5573,0.1688,0.0896,20.9779,64.6643,-19.6683,3.5743,177.199,0
8860,67.6806,23.3267,3.1096,0.2315,0.1208,-32.4371,56.1257,-13.7034,3.0146,306.255,0
5556,33.4439,18.4405,3.0013,0.2742,0.16,3.3468,-24.1105,9.1591,5.6137,241.962,0
6176,16.9089,11.1597,2.2856,0.6062,0.3342,-3.1923,7.953,6.4171,26.26,139.873,0
1064,59.0364,30.4244,2.943,0.3615,0.2047,-55.7689,-20.8304,6.5899,12.026,306.025,0
8831,32.9687,16.5013,2.7875,0.2985,0.1737,-7.8186,-7.1389,8.9015,3.638,208.723,0
8136,55.0304,26.4331,2.8287,0.2953,0.155,-67.7377,27.1398,-16.1175,8.2667,274.001,0
4527,48.2713,11.7368,2.5192,0.5446,0.295,12.0288,40.4022,1.4286,10.349,218.433,0
7249,51.2161,23.5687,2.7156,0.2907,0.1761,-86.5928,37.2872,-22.0663,22.5804,282.004,0
9774,37.1179,17.9932,2.6998,0.2735,0.1487,37.261,27.851,12.792,0.8845,217.719,0
4437,109.043,22.2986,3.1284,0.1964,0.106,94.4585,105.8,17.1356,0.658,261.22,0
7043,39.9972,18.2776,3.0765,0.2784,0.1572,35.5163,36.3041,10.3638,0.851,261.951,0
2,162.052,136.031,4.0612,0.0374,0.0187,116.741,-64.858,-45.216,76.96,256.788,0
9273,27.4953,16.4672,2.5112,0.4099,0.2142,33.6518,17.0504,7.0734,7.113,161.221,0
11055,55.1056,44.6224,3.5842,0.1469,0.0767,27.1561,45.6519,-28.7031,1.1528,52.1409,0
12016,40.077,18.7191,2.8228,0.2617,0.1617,-16.0358,-31.7223,11.0383,6.9394,189.586,0
10069,84.4745,21.301,3.1755,0.2664,0.1392,-39.5699,61.0268,-6.2394,3.18,290.166,0
1572,102.934,36.3217,4.0231,0.1131,0.0584,51.4017,83.3996,-23.4473,0.5982,321.169,0
8343,18.5143,15.655,2.3253,0.5248,0.3002,6.4237,-16.6093,-10.8866,86.0763,211.161,0
713,83.8355,12.7688,2.7392,0.474,0.3017,-73.3769,-30.3659,5.3509,4.6236,267.363,0
4244,27.9907,9.4474,2.3454,0.4605,0.2415,-35.5584,-18.5079,5.9111,66.9996,166.353,0
12152,49.871,22.3306,3.235,0.1799,0.0934,-5.3975,-20.3188,15.5267,8.326,220.734,0
654,23.1306,14.9958,2.5971,0.4121,0.2111,-9.3686,2.8332,-7.1182,41.0922,212.261,0
7174,24.1838,21.6256,2.5729,0.2834,0.143,-22.1993,18.5954,-15.2745,52.1482,152.064,0
82,24.999,17.775,2.5993,0.4327,0.2453,-16.3719,-25.5307,14.8483,81.8671,120.263,0
4986,65.5333,20.5582,3.0775,0.2275,0.1225,38.9847,63.5057,11.6277,4.13,273.821,0
9317,19.5927,10.2759,2.2856,0.658,0.3912,-5.206,15.5873,-6.1643,44.7241,130.786,0
11824,28.8163,22.9315,2.6385,0.2644,0.1414,37.1401,-16.1789,9.4364,57.742,139.594,0
899,38.5385,12.8024,2.8235,0.3423,0.1884,28.2927,-15.7568,7.8428,0.583,187.046,0
10786,127.824,90.0777,4.6163,0.0327,0.0166,131.424,98.3053,61.1582,0.462,191.153,0
202,23.2114,18.431,2.7466,0.414,0.2195,22.8049,22.652,11.7008,2.8462,51.4993,0
3732,65.3941,19.6573,3.223,0.2226,0.1224,-83.5043,53.4325,9.7742,2.954,257.873,0
531,96.5408,37.4145,3.4348,0.1018,0.0564,106.233,57.73,-22.0443,9.0346,210.203,0
11471,61.3543,16.2208,2.7749,0.2351,0.1352,-62.543,-29.7386,9.3806,6.0857,212.947,0
8125,12.7005,11.6757,2.0846,0.7078,0.3909,15.6953,-9.2572,8.8155,18.557,174.246,0
5252,28.5807,19.4397,2.5257,0.3994,0.2012,-33.152,-22.0706,17.3914,8.916,184.079,0
6527,82.0912,35.5279,3.3356,0.2073,0.1263,-47.8773,-37.1067,-20.0705,2.875,280.825,0
4296,71.4159,24.9376,3.5075,0.1974,0.1027,-105.408,47.4224,26.1025,1.4909,256.102,0
2117,45.5945,21.2593,3.0538,0.2102,0.1144,-19.4628,-32.9385,6.9607,9.0222,216.746,0
372,72.7908,23.7428,3.5405,0.1803,0.0903,34.9796,74.514,15.0871,4.2311,202.542,0
10294,22.2996,6.605,2.2082,0.7368,0.3746,25.67,6.2692,-6.767,3.2088,207.818,0
7952,89.3694,31.2917,3.5514,0.2104,0.1215,-5.6407,51.9378,-22.7449,0.022,334.959,0
8194,84.0375,35.1717,3.7263,0.1745,0.0921,7.8038,53.0591,10.1184,0.401,336.464,0
5219,29.5348,9.0383,2.3274,0.4988,0.3082,37.4322,-8.5855,5.9459,7.356,204.454,0
11406,20.7299,11.5605,2.2695,0.5914,0.3683,12.6236,19.8198,4.135,2.8211,70.2896,0
6171,64.1393,15.5732,2.8558,0.3108,0.1861,62.4533,66.4638,10.3803,1.5789,249.462,0
9539,13.023,10.28,2.1477,0.7829,0.5231,-12.3598,-6.5581,-8.6419,66.082,124.327,0
11825,98.0185,34.7769,3.1977,0.2766,0.1507,-80.7267,-58.5457,-27.1038,3.6065,397.197,0
3849,20.8003,12.4121,2.3107,0.489,0.2567,-27.1434,-10.3498,-9.8585,60.8343,159.605,0
10322,21.0846,16.5656,2.601,0.4737,0.302,27.4684,-9.8819,-7.4203,3.6007,158.11,0
7794,19.1572,7.0447,2.2214,0.8228,0.4174,-20.328,-12.7218,2.8133,41.337,196.529,0
6856,64.2085,33.2754,3.5144,0.1575,0.0794,-4.0258,31.0346,-29.3788,13.8747,183.081,0
7490,19.9642,9.4513,2.3032,0.592,0.3159,24.9546,8.0911,-4.1738,49.037,37.8255,0
1640,81.1628,25.2375,3.4946,0.1876,0.1013,43.1695,87.2852,-19.4008,1.577,208.863,0
9104,16.6056,11.4797,2.233,0.5906,0.3304,0.8373,-4.8092,-5.6688,45.0711,257.161,0
12242,29.2617,12.7089,2.5422,0.3644,0.1994,15.8677,11.6095,9.145,6.879,136.742,0
12137,86.053,23.1441,3.239,0.2555,0.1537,-38.8545,66.8435,-17.8851,3.062,323.242,0
6172,22.914,12.8643,2.2945,0.6345,0.3223,-24.8899,-16.431,-5.0976,16.4346,204.995,0
7215,35.2003,16.9004,2.8096,0.3395,0.1744,-47.7876,14.9852,-10.4534,12.8885,229.9,0
10829,71.9121,12.378,2.7088,0.3539,0.2258,77.1682,68.7411,9.8796,1.6899,273.559,0
10258,20.443,11.814,2.2945,0.6244,0.3376,9.6306,20.2117,-8.4187,8.711,198.71,0
9072,48.8366,22.2845,2.9802,0.3192,0.2025,-62.0644,27.0951,5.1744,0.0805,278.888,0
1986,60.8494,14.083,2.7734,0.3555,0.2064,59.1058,58.7475,-8.632,0.294,167.112,0
11755,64.0384,24.0484,3.0235,0.2094,0.1066,96.257,39.7313,9.6702,1.8696,251.885,0
3387,21.3305,12.7697,2.3334,0.4919,0.2575,-27.3154,-10.8733,-7.5809,15.8492,64.6895,0
0,28.7967,16.0021,2.6449,0.3918,0.1982,27.7004,22.011,-8.2027,40.092,81.8828,0
7070,18.9091,12.9755,2.4541,0.5097,0.2724,14.1456,10.0427,4.9831,25.048,200.666,0
1057,57.3271,23.2931,3.1774,0.1469,0.0734,58.8582,37.4815,-7.1838,5.926,179.803,0
10841,36.3001,17.3016,2.5058,0.3931,0.2387,44.1898,22.3053,13.989,0.2726,134.061,0
4072,19.8582,17.0507,2.4771,0.4467,0.2317,-29.4095,11.6422,-12.5583,15.7031,109.533,0
2668,24.7047,16.3884,2.5079,0.4193,0.2127,18.8452,15.1029,8.7936,18.579,131.593,0
7632,103.362,21.7072,3.2955,0.2451,0.136,50.2421,105.713,-13.1332,1.696,158.329,0
3447,100.012,44.7902,4.1322,0.0884,0.0453,43.2948,89.1063,-26.9751,3.081,252.784,0
6876,45.9354,9.6648,2.5832,0.4439,0.2572,34.4624,29.6199,5.0541,0.077,201.373,0
8687,30.1196,27.4377,2.6959,0.286,0.1621,5.8084,21.3044,15.6655,51.11,115.295,0
7073,29.8615,19.2602,2.769,0.3217,0.2136,7.2087,-17.2622,-8.3895,63.944,56.519,0
4488,66.0313,24.1756,3.2999,0.2201,0.1105,-98.4239,48.162,-13.9845,3.082,242.548,0
9825,62.6862,23.7632,3.2362,0.2409,0.1303,-50.357,49.3294,-13.6863,1.4357,277.996,0
10086,26.417,8.1402,2.4074,0.6145,0.4677,4.8383,24.3051,10.0181,7.3755,125.237,0
1258,55.3383,28.0521,3.3091,0.1845,0.0925,-39.4626,40.2725,18.0415,9.834,283.367,0
3139,24.7206,14.7841,2.3664,0.4774,0.2387,-12.6958,-15.7372,10.9758,42.763,84.5825,0
1946,97.4259,56.9767,4.2944,0.06,0.0308,-127.487,81.796,-33.3058,4.934,201.771,0
9999,29.7423,23.5505,2.8814,0.2957,0.1636,8.8321,-16.5257,-14.4703,32.6827,53.2158,0
5,51.624,21.1502,2.9085,0.242,0.134,50.8761,43.1887,9.8145,3.613,238.098,0
11141,53.1582,16.1254,2.9617,0.2425,0.1262,-4.5017,-39.7663,4.0484,16.39,178.782,0
8120,20.947,12.872,2.3375,0.4828,0.246,18.2173,4.5452,-3.9038,34.4932,100.973,0
2566,36.0495,15.0831,2.8597,0.4075,0.2134,52.2455,-17.2484,3.6444,5.396,182.937,0
11583,19.3469,16.4401,2.3096,0.5686,0.2966,-26.1887,10.2652,17.1408,5.061,104.987,0
619,57.9074,30.0559,2.9365,0.3866,0.2043,-17.9499,-47.5956,-31.5711,10.159,305.255,0
5876,22.3887,15.4317,2.7547,0.4908,0.2735,7.5769,-8.1747,-7.151,52.3737,37.9962,0
12050,44.5449,24.7786,3.419,0.1719,0.0974,22.5832,27.9356,11.02,4.7435,160.021,0
4180,64.3417,21.2392,3.1316,0.212,0.1193,-15.2461,55.0198,-18.0344,3.0013,270.933,0
11589,22.7125,17.0527,2.7316,0.4416,0.2273,22.233,-16.3228,8.8451,11.114,179.925,0
2915,12.8791,11.4268,2.0917,0.7368,0.3846,15.0953,-5.6954,-11.5668,67.6544,256.531,0
9976,22.0656,10.8881,2.4338,0.5304,0.2744,15.8718,-16.3465,-0.5974,48.996,32.537,0
8290,46.7488,9.5968,2.4983,0.4635,0.2746,22.5199,40.3481,-9.0636,0.4583,218.909,0
3244,33.4458,20.9121,2.7727,0.2447,0.1308,-15.7764,12.7581,-13.9039,27.0291,76.6136,0
4893,25.2031,14.9262,2.4764,0.5275,0.3222,6.9867,19.7166,15.543,24.927,155.933,0
95,25.4762,12.0898,2.4048,0.4134,0.2303,7.0323,15.7982,6.2085,24.847,193.349,0
7996,32.2136,17.0121,2.8995,0.344,0.1834,9.4786,14.4098,-11.7009,0.596,206.205,0
3853,66.7934,29.376,3.022,0.1854,0.0993,-124.258,60.4852,-19.8006,15.777,258.263,0
8014,66.2439,31.1568,2.8756,0.2184,0.1125,22.6438,41.4128,20.6185,0.7187,288.739,0
5738,29.1329,12.3735,2.7003,0.3908,0.1964,-41.0033,-13.8276,-6.8114,1.2986,96.2698,0
767,71.9537,29.1003,3.3115,0.265,0.1388,-7.0561,57.3965,-25.5727,5.185,318.982,0
391,70.2288,28.4154,3.1828,0.2553,0.1506,-19.6781,65.1319,-19.9625,1.562,321.541,0
730,32.0868,17.982,2.7497,0.3007,0.1699,5.5964,-19.4625,5.2032,8.974,86.0026,0
8522,34.989,15.9144,2.5653,0.4871,0.3143,-30.5873,-30.6854,-12.938,68.6169,50.8582,0
4499,74.2366,23.0297,2.9535,0.2871,0.1864,-25.9485,-17.5382,-22.7365,11.747,315.663,0
2353,30.9136,13.2071,2.6902,0.3755,0.2031,43.9834,14.6628,-7.6709,11.2674,149.848,0
8838,37.2286,33.108,3.1695,0.1821,0.0958,-57.0711,13.0372,-29.0013,16.6959,96.434,0
1314,61.7197,29.9904,3.3175,0.1925,0.1018,-69.2407,36.3251,-16.2664,1.32,291.987,0
1601,24.0671,12.9107,2.29,0.5897,0.3205,26.3017,15.7777,-7.3955,21.05,202.08,0
3784,36.7334,19.1008,2.941,0.3562,0.1919,21.2301,6.8988,9.9665,21.5907,177.979,0
1322,37.7305,20.127,2.6508,0.2749,0.1441,35.2062,23.0671,-20.1952,31.436,233.711,0
9194,12.9884,10.72,2.2055,0.7477,0.4891,13.2726,-4.5371,4.7611,26.41,161.675,0
631,34.2078,12.1986,2.5521,0.3843,0.2006,-50.8447,18.6473,-6.9135,6.6964,132.384,0
7821,81.2634,20.0779,3.0271,0.2236,0.116,87.5914,71.385,19.9127,2.447,237.359,0
10453,75.2453,41.4855,3.8963,0.1003,0.0529,24.6965,64.9674,-31.7101,11.2356,173.953,0
6537,69.2844,26.1481,2.9954,0.285,0.1481,72.6921,46.7218,-20.2793,4.6516,260.637,0
1357,16.7909,11.4284,2.3032,0.5821,0.3109,0.4105,-4.0309,4.6424,15.7723,162.458,0
5905,23.1901,8.4604,2.3304,0.6589,0.3575,-27.6737,-4.9454,-9.8265,51.965,191.678,0
5327,27.8673,16.6744,2.6212,0.3373,0.1734,-29.7214,-8.9236,-14.2996,21.151,192.59,0
1161,24.3811,11.0661,2.3149,0.5133,0.2784,-11.0772,-20.7853,4.0683,33.4353,47.4001,0
11671,59.8461,38.4766,2.8871,0.262,0.1524,69.2133,42.4882,-24.6622,3.465,257.031,0
11405,42.1745,21.494,3.0432,0.2698,0.1435,25.5023,31.7311,15.1012,4.9357,204.69,0
1830,59.3407,24.1321,3.5204,0.2336,0.1178,31.0534,59.4112,10.0941,1.3878,264.491,0
8450,39.4923,17.2441,2.9304,0.3251,0.2095,49.0681,22.5333,-3.8436,5.7442,168.199,0
143,62.6886,22.612,3.2496,0.2077,0.1084,-100.913,-25.4533,16.5613,3.121,229.768,0
1451,25.9963,17.1008,2.6702,0.3825,0.2126,4.6758,16.9803,10.872,85.2337,46.9963,0
2492,81.2204,28.6463,3.6016,0.2255,0.1518,-20.3156,62.6239,-14.4895,5.123,309.602,0
6025,20.5521,7.2284,2.0986,0.7171,0.3705,-1.8904,9.3197,5.8153,22.516,109.609,0
10474,38.1296,16.2913,2.9199,0.3115,0.1654,-14.8362,25.7342,10.8122,0.2439,246.513,0
9517,38.3363,16.057,2.6959,0.3041,0.1782,-33.4973,-32.0162,-11.1469,6.499,221.529,0
2486,19.2002,12.8107,2.3531,0.541,0.286,-12.0461,-13.9132,8.4257,8.542,172.938,0
10510,19.8142,15.9246,2.6021,0.465,0.2512,-22.2373,-15.6609,-5.6769,67.285,101.628,0
5498,36.8508,19.8903,2.7697,0.3195,0.1878,24.3659,28.7091,-14.7895,60.3897,80.0757,0
5079,28.4173,16.629,2.4378,0.4161,0.2391,-43.4761,21.6841,13.6299,22.022,220.006,0
46,38.1627,25.1091,3.1041,0.247,0.1279,37.2749,22.8564,16.227,5.5119,188.124,0
7362,33.7665,12.5262,2.7709,0.4441,0.2619,28.6104,30.5267,7.1987,2.916,215.938,0
9109,33.1412,18.2692,2.8695,0.2876,0.1641,22.1164,20.581,12.7008,11.856,143.47,0
6432,28.272,12.6826,2.4886,0.487,0.3068,22.2337,24.5275,9.5953,22.252,155.019,0
8206,104.113,41.2098,4.1523,0.096,0.0545,-28.4823,83.5112,20.8342,1.828,311.279,0
9743,40.4803,15.8483,2.8457,0.368,0.1947,-28.5884,-11.7925,5.9756,0.829,205.721,0
10690,19.1447,16.7617,2.5172,0.4438,0.2295,5.6604,-10.0808,11.5903,24.6315,165.353,0
6675,19.5713,16.2269,2.5647,0.4523,0.2275,15.9187,7.5072,11.1311,61.157,127.884,0
9222,62.4538,20.9787,3.1475,0.2093,0.1121,22.681,48.5582,-17.4804,0.139,256.989,0
6111,30.8539,22.9645,2.6618,0.268,0.134,6.6522,26.4484,-4.6784,41.374,186.403,0
2431,54.4918,16.8496,2.9576,0.2249,0.1218,37.0476,26.341,-12.2123,1.705,216.318,0
7254,24.8227,15.4603,2.6556,0.3779,0.1934,37.0003,9.2891,-13.6161,20.949,228.843,0
2318,24.2462,19.1157,2.8392,0.3273,0.1644,2.7627,16.4395,-6.85,25.7863,91.159,0
9806,57.9726,25.6855,3.2838,0.2981,0.1652,-49.93,45.7886,20.1317,0.023,280.151,0
17,46.2915,16.0328,2.7756,0.3403,0.192,49.9706,33.3653,-12.7979,38.707,75.5234,0
11207,20.0648,16.5941,2.6857,0.4309,0.232,29.6948,-12.0294,-12.2239,5.373,245.467,0
8239,25.3202,9.612,2.5569,0.6241,0.3925,0.4347,21.4067,-8.3583,5.08,216.813,0
6652,30.5026,18.7911,2.5883,0.3535,0.1871,29.2552,25.6006,-13.3745,27.9829,117.905,0
10074,43.3635,16.2103,2.6335,0.3163,0.1616,62.3071,-20.6643,6.1877,3.7958,182.629,0
3577,28.3624,15.9281,2.5237,0.3353,0.1931,8.0848,-10.2841,8.4111,27.4515,145.155,0
5925,22.3325,18.199,2.721,0.4278,0.2367,-14.503,-10.0776,4.2446,24.413,146.984,0
10131,39.7304,17.798,2.7589,0.3014,0.1681,-10.5292,-22.7174,12.3255,5.7523,172.735,0
9486,58.4195,18.7126,2.8561,0.2786,0.14,39.9883,53.4838,14.0012,3.8408,250.466,0
5598,40.2136,19.8464,3.145,0.2728,0.1622,9.4515,31.2123,-10.3147,1.5993,146.986,0
1405,84.1527,24.5551,3.2015,0.3408,0.204,-37.8943,-71.2491,-9.6222,2.3306,302.097,0
3553,89.8985,22.9147,3.1324,0.3597,0.2127,16.7531,-46.1802,-14.3551,6.8413,346.746,0
1085,25.7164,18.7635,2.5065,0.4019,0.2165,28.874,22.5338,-11.6417,34.405,189.145,0
6602,33.8131,24.2268,2.9452,0.2575,0.1288,41.1283,-23.3381,-4.9897,6.6811,172.458,0
3599,62.634,22.0529,3.3761,0.1527,0.0776,53.0492,57.4498,9.7108,1.8256,211.71,0
3703,51.3155,11.598,2.4166,0.4713,0.251,-70.1741,20.7189,-11.2107,8.8813,271.059,0
706,23.9569,0.0,2.0273,0.6948,0.3615,0.0,0.0,-8.8582,66.733,131.543,0
3097,22.2607,13.2452,2.404,0.6114,0.4635,7.9961,19.9549,13.6282,27.312,217.046,0
7909,33.2729,17.7705,2.8366,0.3525,0.1901,1.8486,32.4516,12.5337,13.2336,155.029,0
521,94.1836,27.4501,3.5029,0.2441,0.1519,-19.7617,40.3463,-18.0331,2.957,310.397,0
9201,21.7283,10.6288,2.3139,0.6019,0.3519,17.4416,17.9036,-7.5813,32.7666,217.683,0
2418,23.4842,20.0774,2.5944,0.3588,0.1896,0.2998,-20.2718,-14.5615,6.0191,168.175,0
6044,23.7496,15.8563,2.6289,0.3854,0.1939,-13.6184,-6.8824,-13.527,28.429,128.77,0
7419,23.0564,15.9993,2.4955,0.476,0.3115,-9.0445,-22.4763,-11.0232,15.277,100.764,0
1193,20.4599,10.355,2.2601,0.5934,0.3544,-5.3638,16.4381,-9.0481,54.01,219.179,0
8532,24.5289,14.2949,2.5641,0.4611,0.2442,-23.5549,12.8399,8.2298,2.189,113.828,0
1457,27.2296,17.5805,2.7585,0.3714,0.2014,13.7829,21.6176,10.4868,2.0627,116.776,0
5635,25.1893,16.6928,2.5599,0.3554,0.1915,16.0945,-12.0955,-6.8841,40.633,248.737,0
5296,13.3386,10.3061,2.3395,0.8009,0.4645,-13.6732,-6.0428,-11.4871,52.3517,44.6044,0
9177,21.1504,10.6335,2.281,0.5812,0.2958,22.0334,18.4466,-10.5705,22.674,132.148,0
7470,40.7859,18.2538,2.8733,0.2945,0.1667,-24.334,-18.7812,-6.7613,46.7657,162.081,0
1122,61.8196,15.3048,2.636,0.2705,0.1376,-108.23,58.2781,8.5924,1.092,186.807,0
5179,44.6155,27.4279,3.3193,0.1553,0.0784,62.2304,21.7265,-8.9869,13.107,163.966,0
11837,35.3426,12.7244,2.5447,0.3652,0.184,29.7077,-15.8117,5.1165,18.8214,215.545,0
11204,22.4091,6.5297,2.1569,0.7456,0.3937,-24.9279,-9.4822,6.7907,34.606,220.911,0
66,20.9491,7.0366,2.1414,0.7292,0.3935,-22.9802,-12.1656,6.0883,40.656,146.512,0
7003,33.5462,21.3973,3.1052,0.2967,0.1637,19.7696,18.2868,9.764,8.7244,176.299,0
9610,87.7908,37.578,3.712,0.1741,0.0905,10.1767,44.0412,24.4337,1.661,351.427,0
10883,80.3253,21.496,3.2792,0.2408,0.1354,28.6588,-87.3739,2.7815,21.5092,108.854,0
7627,44.91,11.8501,2.4346,0.4191,0.2224,45.4244,38.5149,7.7625,9.7647,224.676,0
10984,29.5497,16.2657,2.5911,0.3385,0.1782,37.2182,-13.9248,-11.8548,9.969,245.001,0
3589,20.4669,12.8241,2.3971,0.5451,0.2826,-11.1968,-5.9458,7.7056,26.0698,194.077,0
7133,30.8198,20.2083,2.8831,0.322,0.163,-30.1024,-19.121,-13.5882,5.332,167.012,0
9758,32.002,22.0948,2.6149,0.2718,0.1566,-19.6795,-25.2602,-10.9333,19.576,157.839,0
12264,37.6961,20.2253,2.708,0.2586,0.1459,40.4884,12.2489,18.9649,1.203,92.325,0
7485,19.2243,12.8361,2.5139,0.5391,0.3017,-16.2845,-11.0635,7.3655,11.049,165.48,0
7498,39.1899,16.9555,2.4579,0.3798,0.1899,30.3464,-22.0058,-7.664,5.222,180.757,0
11247,62.716,24.2106,3.2374,0.1887,0.1132,21.9411,50.1951,-16.3679,11.196,102.006,0
2558,73.9749,21.0084,3.0048,0.2779,0.1538,-116.756,43.8813,18.8414,2.006,303.874,0
8559,35.8749,17.2436,2.9499,0.2884,0.1487,38.2713,-16.3614,8.1999,10.037,221.934,0
2314,57.3144,31.6497,3.2931,0.1955,0.1245,-3.4753,41.3508,-29.3916,29.3674,178.957,0
11550,27.3301,18.1564,2.3711,0.4128,0.2362,3.3111,20.968,13.5505,23.2359,105.775,0
1630,35.3788,13.3014,2.541,0.4719,0.246,17.6442,19.5194,9.732,3.7685,137.491,0
2136,39.5991,29.3927,3.0276,0.2027,0.1178,-1.9512,17.624,15.9953,1.0378,156.545,0
9039,84.5714,19.5962,3.238,0.2168,0.1136,5.4504,97.1645,9.914,4.2254,192.529,0
10551,27.3249,18.6382,2.5729,0.361,0.1912,36.7772,8.242,-9.7193,37.835,165.825,0
2978,49.8661,15.8174,3.1372,0.2435,0.1294,0.5032,27.5346,10.9175,0.8914,197.227,0
4457,96.4872,19.2971,2.8274,0.3185,0.1719,-149.693,91.9232,13.8765,10.213,190.592,0
2128,23.4293,15.0895,2.7513,0.4858,0.2952,10.2046,17.1517,-5.1196,15.311,89.2638,0
4349,21.9807,10.6644,2.3997,0.6056,0.3526,-17.4321,-18.0406,-7.5289,24.17,198.136,0
3178,59.9928,34.8365,3.3439,0.1884,0.1017,-58.9375,44.3144,15.1518,5.726,282.142,0
11453,60.4692,15.6627,2.8466,0.3986,0.2427,-48.2832,39.4267,-10.8052,12.857,290.7,0
12133,56.5279,27.5027,3.009,0.2449,0.1405,-59.589,41.9594,17.7267,6.718,271.972,0
4860,65.1592,17.5971,3.2588,0.2034,0.1122,66.0501,44.7499,-14.4724,1.345,196.86,0
10170,27.5561,17.2682,2.5237,0.3293,0.1901,-3.8289,18.361,11.1617,63.146,130.112,0
213,32.5377,19.6957,2.8561,0.2925,0.1762,25.8408,21.2875,15.2061,27.297,136.814,0
588,43.2557,12.0269,2.5205,0.3831,0.1976,-63.8415,16.1869,-6.1091,9.697,299.406,0
10305,28.741,15.5464,2.7067,0.3654,0.1876,-15.9815,14.8964,-8.8782,2.335,150.991,0
5866,27.4172,16.9852,2.6853,0.3756,0.2095,4.7575,25.673,3.2467,6.083,172.048,0
7954,19.2995,10.6247,2.3118,0.6927,0.3488,7.6935,-16.805,7.2858,37.2878,130.025,0
6531,70.5593,26.1171,3.4104,0.1399,0.0717,37.261,81.2753,-9.7931,15.4093,194.721,0
8017,40.8289,13.1511,2.6299,0.3494,0.1887,59.9054,21.1676,11.8264,26.798,136.24,0
1134,22.4791,16.8116,2.4472,0.4464,0.2268,9.5053,-9.3164,10.7868,30.8451,269.021,0
12061,47.1551,17.3828,2.8976,0.2734,0.1462,-8.9951,-14.8091,9.6464,1.221,217.515,0
12029,21.3666,14.27,2.3128,0.5061,0.3139,21.8244,19.5224,1.8273,74.383,135.144,0
6486,56.8011,25.2185,3.5661,0.1651,0.1033,13.9685,47.6896,14.7352,8.732,200.659,0
6286,64.9081,16.3647,2.8241,0.2279,0.1282,-22.8831,-42.0859,10.438,8.841,202.51,0
2729,25.0126,20.5216,2.5533,0.4,0.2056,31.3677,15.9451,-13.2991,80.2307,59.5935,0
9732,80.4507,23.1313,3.1678,0.2705,0.1702,-132.362,68.8152,-22.1816,0.29,208.775,0
11447,29.7142,18.3829,2.6144,0.3256,0.1665,-32.0756,14.9118,-14.8931,67.617,179.25,0
10115,49.8255,30.7355,2.8974,0.2584,0.14,-65.1137,-31.1872,18.5815,14.911,300.164,0
3092,40.6884,11.1535,2.7235,0.3781,0.1994,-16.0116,21.5729,-6.7787,6.2944,171.584,0
11066,21.7883,9.9614,2.3139,0.5874,0.3228,-2.3395,14.9823,8.5358,38.68,191.452,0
8797,100.591,20.344,3.1458,0.3295,0.1976,-82.3443,-53.7804,18.4263,1.0996,338.489,0
3293,51.3033,25.6944,3.2916,0.1395,0.0743,58.597,-17.6163,-14.9613,9.668,188.041,0
7828,49.6847,16.4927,2.9358,0.2643,0.1571,32.117,47.5202,10.4147,1.3506,219.427,0
8616,31.4488,14.6316,2.7657,0.3791,0.193,5.7791,-26.6144,10.3662,14.121,194.79,0
10110,27.2607,17.4652,2.4778,0.3727,0.188,11.3212,12.6389,15.0341,10.741,200.478,0
8086,35.7459,15.1771,2.7619,0.3253,0.186,-3.6735,22.2786,6.2145,1.2204,176.108,0
12022,50.0861,18.0139,2.8482,0.2113,0.1113,-3.0284,-21.0931,13.7955,17.293,164.067,0
5463,40.905,26.9542,3.008,0.1944,0.1144,13.3347,27.6815,-7.4423,18.15,175.542,0
5492,48.35,13.7923,2.7597,0.3165,0.1835,-32.1389,29.5352,11.8165,18.51,202.225,0
9411,72.9139,27.6543,3.3523,0.2013,0.1118,-45.7108,71.0633,-15.4347,5.7258,295.983,0
10029,23.7423,10.2031,2.4074,0.5871,0.3268,-13.8392,-18.359,7.9794,14.9106,171.393,0
9365,12.7102,11.6825,2.0314,0.7163,0.3767,15.4677,-7.5235,11.0733,58.6479,119.839,0
10562,18.5474,12.729,2.4691,0.5433,0.3073,2.8047,-10.2254,-9.4114,55.764,142.701,0
11188,31.7294,16.8654,2.5563,0.3278,0.1736,28.7009,23.9576,-16.146,5.534,107.999,0
11536,58.3566,29.5155,2.9963,0.2229,0.1256,63.4419,38.3185,-30.215,3.237,290.363,0
7809,69.7376,22.0464,2.4928,0.418,0.217,37.86,43.8114,-9.3744,0.306,245.704,0
10907,78.2479,27.8127,3.3982,0.2758,0.1677,-3.0318,44.9303,-8.3688,3.861,336.384,0
12156,69.9328,24.5931,3.1355,0.1816,0.1007,-90.9638,47.6857,6.7437,1.8664,270.822,0
789,21.0689,13.6215,2.6042,0.5149,0.2724,22.6513,12.6911,8.8932,5.3844,180.055,0
3330,22.8945,12.8986,2.1987,0.557,0.2943,14.9756,9.3203,-7.9253,52.36,118.838,0
4259,12.9383,11.1055,2.1287,0.7361,0.4498,14.2672,-7.3614,-7.5549,15.001,172.745,0
7107,33.9828,21.4605,2.9085,0.279,0.1525,16.3542,25.2116,8.9375,23.745,206.749,0
1128,47.5811,17.2598,2.7412,0.3013,0.1733,-53.7185,-36.82,-15.4714,0.2816,220.423,0
9529,58.2229,23.2399,3.2429,0.1852,0.106,0.3109,47.8331,15.0258,12.8453,204.123,0
5140,55.6335,15.8567,2.7016,0.3042,0.166,13.7655,51.8675,-14.811,10.4907,127.726,0
11788,38.9376,19.3007,2.9782,0.2492,0.1341,29.7394,28.2634,7.0968,15.1288,137.406,0
5091,36.8727,15.0899,3.0204,0.3225,0.1703,-7.0212,22.4359,10.1139,2.0174,200.935,0
794,26.2968,12.1111,2.5051,0.4344,0.2484,3.9917,22.4926,-9.9256,0.085,170.775,0
10678,40.948,13.2824,2.5938,0.3745,0.2076,-1.0806,-28.9942,10.5668,4.687,130.097,0
4054,38.0041,11.0368,2.2492,0.4169,0.2113,-30.3125,24.9529,6.879,14.781,243.176,0
6109,22.2351,12.6827,2.3086,0.4668,0.2432,-30.1279,8.9282,9.092,0.427,255.986,0
491,25.5991,12.5304,2.6959,0.4995,0.3293,7.2105,-19.2635,-9.913,8.7515,215.707,0
4669,43.2532,15.6787,2.7135,0.352,0.177,-39.8043,25.5152,-12.8025,5.1857,148.147,0
9657,24.6784,0.0029,2.0774,0.6778,0.3556,-28.9957,-9.7671,-0.0001,52.1801,197.337,0
5965,24.0709,19.913,2.7987,0.4674,0.2679,19.9479,24.6717,-9.6807,16.2665,44.7636,0
4324,28.7415,17.1661,2.7206,0.3254,0.1627,23.1984,19.7286,13.2448,4.6448,154.078,0
6978,23.498,9.161,2.3674,0.6609,0.4399,20.9879,20.8443,11.37,22.447,172.895,0
5348,86.7619,16.6586,2.9991,0.2725,0.1618,-54.7479,40.5963,14.6462,5.057,285.249,0
9728,71.4686,24.024,3.3941,0.2167,0.1132,55.5414,74.3565,-16.8204,2.76,210.589,0
7122,45.6756,22.38,2.9031,0.2288,0.1394,31.1309,38.5015,8.1371,6.4023,242.552,0
2599,25.3347,22.0816,2.7616,0.3377,0.1844,-36.7506,10.4672,7.9494,41.911,52.4654,0
9391,102.698,43.7581,3.9838,0.079,0.0424,-135.875,75.4813,30.0902,5.5948,226.243,0
360,20.7417,15.2144,2.4669,0.4573,0.2406,2.6314,-10.302,-8.5521,16.395,151.372,0
10749,48.1866,18.8432,3.1171,0.2528,0.1317,-49.543,3.5532,8.285,3.684,210.329,0
2088,34.7943,21.5846,2.7771,0.3258,0.2097,-8.1357,14.9949,-15.5638,42.3246,161.145,0
7843,86.8646,30.5756,3.4769,0.1974,0.1279,-29.9985,63.331,16.4681,3.97,332.352,0
2670,58.1422,21.6227,3.3006,0.1782,0.0923,65.7572,46.4289,5.9938,1.5315,224.507,0
2882,16.9261,10.9772,2.3541,0.6283,0.3783,-2.2159,6.4767,7.515,37.753,98.6605,0
6802,28.8471,8.0422,2.1271,0.5448,0.2799,-15.9703,-16.2881,3.0512,13.2881,161.918,0
10809,83.2852,22.5835,3.1284,0.2507,0.1626,-75.2595,55.207,18.6662,2.772,255.471,0
8234,87.6315,22.9145,2.837,0.2911,0.1623,-77.1007,45.775,-19.912,2.4188,321.79,0
6159,33.0297,22.9053,3.1074,0.2663,0.166,31.7744,23.1577,-7.5797,20.0384,138.504,0
5108,88.6415,30.3987,3.5726,0.2403,0.1323,6.261,53.8696,-13.9606,3.1897,347.92,0
2494,112.704,75.6026,4.3784,0.0668,0.034,71.743,72.1956,40.15,6.2016,310.395,0
5069,59.8576,20.2588,3.0846,0.27,0.1362,-106.064,35.8249,20.2197,0.9629,315.114,0
6494,25.591,16.8093,2.618,0.3831,0.194,25.762,21.0808,-9.7021,82.0874,59.8683,0
765,71.6766,36.6477,3.63,0.1768,0.1019,-31.7936,65.881,-23.0369,9.612,328.604,0
5104,98.8556,32.3553,3.6953,0.0827,0.0431,55.3571,76.1455,22.9194,6.8764,206.388,0
3965,20.4878,9.6293,2.2529,0.6313,0.3827,-5.2322,15.7766,10.4855,4.1929,210.796,0
7053,16.8779,11.3454,2.2068,0.5776,0.3261,-0.532,4.3752,-5.6694,12.7782,132.603,0
1901,30.3063,11.1478,2.4502,0.5071,0.3245,-14.6267,-14.0046,-7.3102,66.01,155.056,0
5572,27.9286,12.2904,2.4691,0.5263,0.3209,-2.1073,17.9805,-8.8211,4.7018,146.317,0
5128,18.3119,14.9824,2.3865,0.5339,0.3142,-7.5793,16.6379,4.1417,74.772,135.392,0
12095,22.3819,12.1737,2.4976,0.4833,0.2655,26.8109,14.3834,-10.9352,6.24,117.447,0
5501,49.8634,17.8268,3.0026,0.1988,0.1009,-21.0563,15.4977,-11.3966,3.4411,129.146,0
8050,33.2355,14.4987,2.6776,0.3782,0.2048,-19.2765,-24.6397,14.064,7.387,188.726,0
9622,18.1586,10.7448,2.4314,0.6556,0.3981,8.6462,-15.9745,-9.0776,72.273,237.998,0
9762,30.977,27.2611,2.9954,0.2668,0.145,-2.4964,26.3683,15.4869,18.143,74.7238,0
3859,21.1449,6.7911,2.2565,0.7479,0.446,21.1667,14.6204,6.1983,0.2884,73.0449,0
2152,31.7847,27.1539,2.9791,0.2697,0.1495,14.9426,-22.2961,-22.7852,10.4772,221.642,0
1040,84.7997,29.0826,3.6816,0.1884,0.1,-23.611,63.0953,-19.5684,2.2059,303.754,0
3203,21.2971,6.9323,2.1089,0.716,0.4008,23.1009,12.3351,6.3195,74.355,97.4673,0
4190,56.3338,20.6646,2.7304,0.3256,0.213,-80.6645,22.5169,-13.7872,2.257,281.088,0
10671,87.6702,26.2324,3.1492,0.166,0.0947,-165.595,72.0442,17.3701,4.229,234.285,0
10251,41.8464,19.4302,3.1166,0.2217,0.1235,11.5249,27.9829,-11.9406,0.092,193.579,0
6667,12.5767,11.8656,2.2492,0.6986,0.369,16.0151,-9.1669,-9.9638,0.9932,203.396,0
3385,28.1559,14.9064,2.549,0.3757,0.1907,12.9578,12.4334,7.1315,25.4801,89.3021,0
580,37.5494,11.2492,2.6253,0.372,0.1955,26.6471,30.6792,-2.2054,8.782,182.141,0
6074,41.0165,21.9082,3.0461,0.2725,0.1443,37.8673,32.1565,-11.8213,2.635,89.7379,0
5242,90.9536,23.7516,3.4208,0.1655,0.0837,32.9665,77.8088,-16.6045,5.7787,278.866,0
9804,58.556,25.66,3.231,0.1816,0.1102,18.6048,20.3758,9.2744,0.052,228.505,0
11623,25.3524,16.9733,2.6946,0.3818,0.1949,34.8166,15.4934,-5.5567,11.066,192.401,0
7072,40.8648,21.6582,3.0775,0.2551,0.1284,21.2139,-34.1291,11.8761,0.785,203.58,0
6710,41.3527,11.3559,2.2911,0.4348,0.2225,-41.9522,-22.2029,6.5168,9.469,198.14,0
190,84.2741,33.3225,3.8949,0.1233,0.0635,43.638,73.8035,16.3734,3.7714,260.378,0
4091,58.6083,27.0816,3.2598,0.2468,0.1262,25.4293,47.4135,29.0911,0.558,265.44,0
7433,19.6129,6.9686,2.2516,0.8123,0.4398,-19.9264,-13.8755,4.3106,9.825,87.9476,0
9042,103.799,41.6904,4.213,0.079,0.0428,-45.7858,81.4942,-20.2735,2.833,280.41,0
8570,30.9737,18.2285,2.6395,0.4381,0.2672,7.0214,30.0035,19.3767,30.144,161.147,0
3604,35.1728,28.8254,2.8724,0.2871,0.1791,22.1049,21.8924,-21.9609,28.8991,122.023,0
9864,25.6568,11.7431,2.5944,0.4249,0.215,34.2181,17.2466,-5.1048,26.3933,219.566,0
5078,122.418,16.0965,3.0097,0.2474,0.1443,-193.168,88.4561,-16.4424,3.236,348.406,0
12076,98.0033,15.5155,2.7501,0.3253,0.2231,-127.993,29.7694,-2.4457,17.598,215.221,0
9525,20.1855,16.2878,2.437,0.479,0.2431,2.7154,-16.8099,10.9565,65.8,180.161,0
11166,16.3558,11.4514,2.3385,0.6009,0.3417,3.2525,-7.0922,-6.4429,55.451,224.775,0
9666,102.412,29.2227,3.3919,0.1614,0.0809,111.726,88.2692,7.3521,0.046,321.6,0
4793,27.4601,7.0214,2.1673,0.5714,0.2891,12.6378,-5.8615,2.2142,25.752,152.596,0
2519,80.4473,40.7292,3.6723,0.2235,0.1222,-15.8774,-38.1022,-15.2322,1.385,363.678,0
7376,22.8715,10.1929,2.238,0.5723,0.3092,-30.7103,15.0916,-6.3559,50.757,55.7284,0
2947,16.2188,7.2375,2.2753,0.8382,0.6074,-2.244,-7.0165,5.8658,24.17,175.554,0
12218,16.1965,11.5351,2.2878,0.6082,0.3686,1.7609,-5.1272,-7.0963,10.796,134.341,0
1966,21.1235,6.9854,2.0952,0.7229,0.3976,23.0213,12.2823,-6.2098,74.254,97.5924,0
2000,42.6022,16.2177,2.6542,0.2794,0.1408,5.828,-20.4591,7.5307,9.8372,217.434,0
1060,13.2557,10.6884,2.1477,0.7829,0.4235,-14.4832,-3.1234,-11.7508,47.2228,124.216,0
9001,26.1516,17.4999,2.792,0.4019,0.2107,-6.3634,16.6793,-11.4837,10.6685,153.697,0
4123,66.9995,31.1183,3.5624,0.1359,0.0694,48.9367,61.7826,10.8849,3.1014,198.382,0
3198,64.3029,16.4474,2.9383,0.2605,0.1516,-38.3076,16.6768,-3.3641,7.8144,226.805,0
1376,20.3243,11.3356,2.2878,0.6134,0.3479,-13.4457,-18.9212,2.2947,41.763,40.9099,0
11153,20.958,12.0301,2.5521,0.5582,0.324,-19.4771,-14.0151,-7.4991,5.271,197.461,0
11146,39.6409,31.0247,3.0267,0.1693,0.087,-0.4115,29.8386,18.8084,25.219,135.89,0
43,13.2617,10.7145,2.1319,0.7823,0.4096,14.7178,2.4666,-11.8517,68.604,107.851,0
248,63.7616,24.1374,3.1096,0.2712,0.1356,56.2044,57.895,8.1977,3.473,243.311,0
12330,56.2216,18.7019,2.9297,0.2516,0.1393,96.5758,-41.2969,11.3764,5.911,197.209,0
1101,42.0941,16.5044,2.692,0.3882,0.2144,-24.9509,-24.7757,-13.4571,1.8847,162.441,0
7399,57.7688,20.6811,3.1963,0.2348,0.1244,67.4719,48.1948,-14.2911,6.944,206.165,0
5033,20.1622,8.237,2.3979,0.72,0.426,5.9676,-14.9941,-10.6832,3.886,185.755,0
5117,37.1197,15.5082,2.6454,0.3846,0.2432,-3.2414,-29.3464,16.2343,9.829,155.915,0
9827,32.6908,17.9545,2.8065,0.292,0.1475,18.3858,-22.1105,-12.4178,10.018,244.041,0
7393,25.7782,11.2053,2.5099,0.5595,0.3725,4.6601,21.0159,-10.127,8.288,123.181,0
5016,110.16,29.4264,3.5472,0.2164,0.1266,-64.7965,-47.5564,15.8038,1.5291,356.133,0
9568,93.5917,19.2043,2.7821,0.3154,0.1627,78.4398,60.3149,-12.7054,7.444,305.959,0
3792,12.8,11.5493,2.1383,0.7273,0.3818,-15.2423,6.6145,-11.3669,63.8866,164.209,0
2918,38.015,17.8824,2.7435,0.2744,0.1399,5.6726,27.8261,16.6841,9.2636,174.732,0
2221,30.4034,19.9899,2.5635,0.3333,0.1735,10.5352,-14.8259,11.9969,52.828,142.683,0
3866,21.1274,12.8924,2.3107,0.4401,0.2225,14.0438,5.7136,8.0066,74.343,205.18,0
11798,62.2195,24.2531,3.2907,0.1772,0.0991,9.7232,43.2756,-11.0521,1.5585,247.374,0
3584,35.2375,9.4788,2.4265,0.4082,0.2228,32.4648,-24.6124,3.9519,11.053,214.467,0
3579,28.0211,19.5101,2.7431,0.3957,0.2014,14.0188,22.3758,-15.2657,85.3717,121.695,0
457,61.374,22.8597,3.0245,0.2108,0.112,47.2363,46.4616,15.9629,3.713,262.058,0
21,86.0486,21.8287,3.3587,0.2369,0.1662,-58.7854,57.8212,-18.8093,2.005,302.553,0
5698,12.9823,11.2207,2.0846,0.749,0.4074,14.8447,-5.9379,-11.3726,66.0433,168.265,0
3885,82.8408,25.3962,3.3101,0.1763,0.0899,59.671,76.1592,-13.6846,7.551,254.594,0
1328,77.6918,36.8864,3.5261,0.1954,0.1205,-43.3672,65.5969,36.4114,3.9967,297.998,0
10223,65.8446,21.3023,3.224,0.1791,0.0934,63.2486,37.9565,5.1343,0.152,243.169,0
3926,28.443,23.9642,2.7173,0.28,0.1659,-26.3838,-23.1416,-6.7517,9.0922,179.118,0
11760,39.6726,28.4649,3.2351,0.1769,0.0934,-5.5783,-22.4135,-19.7204,7.553,154.431,0
5508,61.0713,15.0521,2.8854,0.2904,0.1556,14.8912,56.7577,-3.6329,11.987,248.871,0
8454,92.9405,24.2545,3.1906,0.2753,0.175,2.7068,68.7176,23.2581,4.7062,365.375,0
11451,25.7821,19.0607,2.6889,0.3501,0.1853,16.7257,8.9445,-7.6053,35.16,137.929,0
1833,96.3809,23.2359,3.4737,0.1831,0.1094,88.6369,101.507,18.58,2.072,268.105,0
7484,19.5137,12.793,2.437,0.4899,0.2651,17.6526,10.4382,-4.2375,43.7446,111.286,0
6356,95.5973,25.7806,3.4943,0.2169,0.1152,-13.2794,43.3393,16.6877,0.5731,327.217,0
5629,35.3734,18.3628,2.8215,0.2624,0.1425,2.3372,25.8782,13.037,41.747,139.644,0
9691,27.0193,11.9961,2.5416,0.4914,0.2514,8.1878,15.918,-7.8882,1.0613,204.921,0
4616,28.4655,9.5459,2.4526,0.4868,0.2452,-41.3301,17.8354,-3.0449,4.6337,197.098,0
9213,31.1773,20.1391,2.8666,0.2842,0.1638,-0.3975,17.2716,6.4543,7.611,131.335,0
7110,20.5596,11.9139,2.3747,0.6413,0.3945,10.8123,20.7127,4.4688,82.4568,173.159,0
12305,87.1697,38.9333,3.0953,0.1638,0.0911,83.1497,74.4686,39.114,26.8614,198.429,0
7200,27.1931,20.728,2.8742,0.3166,0.1757,29.3939,7.0961,14.3892,12.8303,239.451,0
4916,39.5893,31.1051,3.3386,0.172,0.0892,23.1137,-16.1901,-16.4646,9.1402,152.375,0
943,23.2333,9.5039,2.3118,0.6195,0.3585,28.0634,-9.7974,8.1713,26.733,132.136,0
16591,210.64,96.1207,4.4476,0.0632,0.0336,-219.372,-90.5919,90.6092,85.7625,359.263,1
18270,20.3579,14.379,2.5224,0.4625,0.2898,-0.6729,7.0023,6.5538,26.143,121.173,1
18350,73.6369,19.1094,3.2528,0.2779,0.1491,-63.2064,-74.8542,-16.0891,76.4906,181.525,1
16234,37.5017,10.2368,2.8379,0.4299,0.2709,19.7164,33.637,-7.7044,56.3273,202.802,1
17966,234.1154,68.7045,4.0678,0.0751,0.0433,-229.1012,-233.563,50.292,18.097,209.6573,1
16203,37.9196,11.3547,2.6675,0.4344,0.2591,32.1371,29.8032,-8.7558,78.8367,215.403,1
14494,80.9421,26.7498,3.4904,0.1359,0.0911,-54.2519,-68.6328,-19.5673,79.3674,245.044,1
18100,41.8509,17.8588,2.7981,0.2819,0.1492,6.6171,-20.3582,11.0965,89.0498,232.8534,1
15608,57.8723,9.0599,2.4969,0.4713,0.2373,35.6038,44.459,-9.1099,63.5282,247.087,1
16074,22.6085,14.8622,2.5966,0.5342,0.3354,7.0046,22.016,12.7352,54.041,193.957,1
16042,146.1118,44.1177,3.3302,0.1411,0.0923,-76.4743,92.5645,54.7525,43.407,246.6065,1
18066,167.1511,69.8503,4.1517,0.13,0.0629,-93.6793,-184.1403,59.0116,40.1606,326.5209,1
13268,29.809,15.7188,2.6428,0.4268,0.2519,51.4292,22.945,5.5462,50.6821,106.7603,1
18269,68.8641,21.4735,2.9484,0.3525,0.1909,-62.2684,-41.2418,14.4764,0.1121,175.83,1
13157,16.3932,14.4791,2.5354,0.5797,0.3918,2.7736,-21.1248,13.7553,13.5955,150.8308,1
15357,25.5431,7.6108,2.4285,0.5078,0.3196,10.3282,-8.0852,-8.6794,35.4068,73.9748,1
18679,150.395,53.5461,3.4358,0.1239,0.0717,-120.156,-78.5395,-21.5853,14.623,270.337,1
15045,34.8491,15.3844,2.7723,0.5087,0.3672,29.797,17.938,8.7939,15.8249,147.3523,1
14816,167.404,58.5426,3.254,0.1228,0.0852,-167.8803,-27.4232,43.1089,40.7275,225.1507,1
18384,34.9876,16.5627,2.5197,0.4157,0.2155,44.5454,19.6437,-9.7277,38.242,209.3256,1
12621,18.6761,16.1222,2.4772,0.5361,0.2718,-3.3256,7.2379,-12.5515,69.5612,194.6364,1
13546,111.715,48.5447,3.6944,0.1291,0.0676,-189.629,80.4364,-40.3836,12.3077,352.503,1
14437,243.7113,117.4906,3.566,0.1051,0.0579,-257.9786,-133.1468,103.3178,30.7446,120.3981,1
16268,20.6868,11.3805,2.3082,0.6201,0.3162,-18.7804,-12.0506,-11.2285,50.1761,128.3896,1
18558,28.4899,1.623,2.4914,0.7142,0.4732,9.3656,20.1165,2.5039,26.6149,194.6653,1
16210,23.8385,14.9777,2.7109,0.3858,0.1863,38.5933,21.3687,-2.2535,20.3408,188.5054,1
18213,94.012,18.8373,2.8929,0.3417,0.1913,55.5076,105.671,-14.3732,34.667,308.911,1
15319,33.5123,9.5221,2.7088,0.4532,0.3232,12.0684,14.803,7.4395,75.5099,107.0847,1
14743,203.2062,18.6054,2.5156,0.5593,0.3358,-160.8979,-116.4839,-10.5328,50.9302,202.2802,1
14741,40.9971,10.7453,2.7242,0.3977,0.3122,7.5196,35.0392,0.1713,85.3956,179.314,1
15583,14.2327,13.5176,2.5601,0.483,0.2702,9.806,-0.1953,0.956,50.1706,163.8506,1
18295,126.5,110.3594,4.0604,0.121,0.073,-62.9577,62.8116,70.3253,49.4252,373.9664,1
13884,22.414,7.7158,2.2941,0.6328,0.3397,-8.8176,-34.795,-3.3566,53.737,112.6728,1
13351,73.5167,12.1429,3.0099,0.3203,0.1552,0.6268,58.406,-8.1276,16.3814,199.8284,1
15515,64.2993,31.9608,3.7132,0.1854,0.0897,-21.8394,-61.5848,-14.6369,21.6221,221.5627,1
14200,22.2544,0.0039,2.1021,0.751,0.4466,-1.6598,9.9238,0.0,68.0372,196.096,1
16683,23.251,17.6772,2.6048,0.4845,0.277,25.0677,21.5714,-14.7494,25.3941,244.06,1
13731,38.0349,12.8489,2.2504,0.573,0.3062,30.0231,17.8761,5.8187,40.2139,246.087,1
17093,17.047,12.8708,2.4455,0.7794,0.4883,19.1869,17.4565,11.8092,61.3508,219.6848,1
15560,28.1579,9.3602,2.4864,0.5514,0.3246,11.4293,14.3539,5.1992,47.948,60.7816,1
18926,30.9613,29.2707,2.9274,0.2553,0.1342,20.428,25.6102,23.6745,30.1648,222.764,1
15430,21.948,0.0044,2.3064,0.8346,0.4519,21.4071,17.4558,0.0001,21.3668,71.3087,1
18194,30.7372,13.1739,2.7364,0.4183,0.2321,9.3225,25.4618,6.6722,44.74,244.411,1
17681,189.784,103.0273,4.3485,0.0716,0.0265,-194.2488,-143.8078,-60.1889,80.585,186.977,1
13028,163.898,43.3357,3.5844,0.1562,0.0879,-120.434,-117.601,-39.051,22.1918,306.628,1
14256,22.7506,16.4464,2.5428,0.4155,0.2135,-11.2582,-10.7156,-12.5053,55.578,173.086,1
18885,125.4721,25.3788,2.802,0.366,0.171,149.4692,-57.274,25.1217,14.7839,92.7216,1
13616,126.609,41.9329,3.461,0.2103,0.1233,-129.054,-120.058,-15.7828,29.6115,369.928,1
14776,87.637,29.2665,3.2308,0.1646,0.0867,74.5366,89.6429,7.2633,34.699,225.76,1
17645,16.6775,11.4413,2.3385,0.5826,0.305,1.9848,-6.7611,-4.1854,61.153,221.504,1
13657,99.1059,51.2927,4.0321,0.1035,0.0491,-67.0572,57.9732,-56.4764,37.1652,281.1467,1
14205,47.7956,15.0152,2.695,0.3653,0.1826,28.8167,32.878,-7.7357,31.24,203.792,1
14503,38.1755,13.8329,2.713,0.3196,0.1852,55.2558,27.0943,6.7129,47.2068,192.1503,1
18802,26.5934,15.2959,2.2844,0.4364,0.2312,4.7208,10.5441,-13.1072,1.663,220.371,1
18435,61.9162,14.3146,3.0734,0.2785,0.1444,59.65,30.1938,-0.9945,70.6187,223.2091,1
17320,294.3411,59.6299,3.304,0.1888,0.1147,396.3379,-178.559,-45.1044,57.5015,128.5567,1
14119,31.5356,12.3269,2.7709,0.3678,0.1856,29.2554,10.6413,3.648,68.3389,122.715,1
17452,59.8452,23.981,2.9299,0.3091,0.1689,-12.4594,-54.837,-12.8509,4.9917,136.6318,1
17510,21.9325,6.617,2.4057,0.7308,0.4342,-22.5289,-13.7398,6.6181,58.5795,148.425,1
14900,162.904,44.1157,3.3998,0.2199,0.1157,-159.409,-95.9851,-42.3085,2.607,298.891,1
13640,105.097,37.5284,2.8701,0.2428,0.1531,102.255,23.2937,11.8226,26.715,155.873,1
15323,48.0448,4.6115,2.8763,0.4086,0.2213,34.0513,24.3113,4.253,40.7952,166.4561,1
16192,85.7914,23.9698,3.227,0.2182,0.079,-75.4051,75.0356,21.5026,10.3207,261.0096,1
12760,36.4676,17.3779,2.6179,0.3372,0.1885,-2.6738,-26.6732,14.9355,46.7456,196.1418,1
18240,49.645,22.0241,3.0652,0.2145,0.1241,14.8948,-11.6764,-11.1474,24.2903,112.6932,1
12785,85.6186,21.3754,2.7392,0.2717,0.1431,-67.7877,-52.2066,-3.5756,63.924,112.012,1
14948,18.8098,14.7872,2.3262,0.6636,0.3923,-12.7485,-24.1161,-13.2387,64.0754,125.1564,1
16930,22.5869,15.6789,2.56,0.4892,0.2648,-32.2402,-0.2869,7.846,59.4342,153.701,1
17045,30.9108,11.5379,2.7404,0.4782,0.2827,-26.0397,-26.5375,4.8576,61.92,174.149,1
14455,141.639,43.1145,2.7825,0.3696,0.1972,132.438,58.2355,-30.8145,3.2109,299.94,1
15690,31.4974,9.4772,2.6744,0.5249,0.3058,-7.4125,11.3131,-4.3687,70.395,206.017,1
13678,34.1189,9.7133,2.5378,0.3884,0.1957,43.0863,27.3881,6.4198,54.874,156.032,1
17565,35.4707,8.6958,2.5729,0.4641,0.2453,-8.9429,-18.9651,-1.5626,73.6414,107.2643,1
14167,27.8745,14.7574,2.451,0.577,0.3097,8.1793,26.1578,-14.3106,4.331,205.245,1
15012,24.2757,10.8321,2.5883,0.6374,0.329,-10.9739,9.5183,-11.3568,23.102,208.029,1
15872,42.3885,27.1735,2.9061,0.2495,0.1273,-44.2499,-28.4107,25.4948,79.013,171.099,1
16179,22.8297,16.87,2.5173,0.3954,0.2177,-15.9797,10.8128,-5.5463,60.0278,182.35,1
14750,156.238,19.8869,2.7716,0.643,0.3443,-35.1942,-169.783,14.2535,16.183,312.115,1
15386,36.5524,29.9973,3.0915,0.2348,0.1247,9.6851,11.4084,-17.1411,86.9033,182.5023,1
12981,14.8307,11.3327,2.6411,0.719,0.452,-5.7155,21.4362,-7.904,80.3825,263.0219,1
14813,23.9604,12.8211,2.567,0.4201,0.2344,21.1438,11.9696,-6.8281,8.4918,202.648,1
15738,11.4877,1.9614,2.3196,0.8267,0.4684,-6.4155,-1.8397,4.5423,78.0487,159.5087,1
12476,27.998,19.7625,2.7238,0.4458,0.3069,37.4322,36.0989,-16.4086,86.5286,147.2552,1
15089,17.3371,11.4607,2.5533,0.6406,0.4573,-3.3701,10.5042,-11.3435,4.3202,241.61,1
14884,53.9626,10.1645,2.9143,0.3228,0.1675,-13.777,14.6327,4.9056,31.443,167.529,1
14186,141.967,51.2485,3.1421,0.2358,0.1273,-155.744,103.076,39.6457,47.14,274.685,1
17487,243.157,142.458,3.6309,0.131,0.0661,-195.688,-219.973,125.381,71.309,341.788,1
15224,157.9876,82.8141,3.1533,0.3786,0.2174,-170.8765,-138.2061,-64.0302,27.9254,387.7986,1
15699,48.5138,33.7706,2.9582,0.1738,0.1111,-35.7116,-41.1418,-28.7975,72.2367,144.9764,1
16236,33.3489,32.7464,2.9191,0.2946,0.1373,30.8923,25.4779,26.8952,20.799,241.7025,1
17195,17.9003,10.3235,2.3766,0.7143,0.4433,-7.1192,14.674,-5.4557,71.226,110.134,1
18254,37.3435,10.5345,2.7962,0.6223,0.2963,18.3533,40.0429,-2.3214,20.884,103.4464,1
17106,48.9652,17.4282,2.9922,0.2808,0.1742,-32.7891,15.258,8.6516,61.9208,151.4106,1
14123,76.0476,25.7577,2.9327,0.2604,0.1302,44.8835,-59.8816,-20.4925,16.9915,50.1282,1
15269,28.136,8.851,2.4935,0.4815,0.2552,35.9079,17.2341,-6.8534,67.751,117.934,1
14801,103.3298,78.7427,3.9179,0.1365,0.0785,-26.9567,-50.451,29.2239,85.9291,386.6087,1
16587,39.0077,14.1279,2.6238,0.3971,0.2057,-38.2222,-27.1715,5.9522,76.406,273.704,1
15372,13.087,10.5001,2.1538,0.7789,0.4947,13.0447,5.0574,-9.8116,24.766,177.997,1
18226,49.6784,5.1439,2.9357,0.4163,0.2329,33.3423,36.6091,-0.9971,7.25,157.3256,1
13068,82.7549,20.2817,2.8631,0.3716,0.2212,-78.0738,-85.3215,17.4832,89.8116,199.8195,1
15946,86.0727,22.7684,2.8494,0.3634,0.1881,-101.9057,39.754,12.5034,29.3861,176.8892,1
15999,44.3788,14.3154,2.8704,0.4363,0.2825,33.1641,36.0734,9.8899,60.4565,162.1778,1
14382,96.4412,87.684,3.8398,0.0831,0.0422,-81.538,88.0748,75.3583,6.6557,252.919,1
16424,27.4623,14.5438,2.6972,0.4076,0.2139,-7.2916,15.9895,-10.396,14.4566,199.615,1
14619,9.9536,7.1107,2.2997,0.4666,0.3058,1.8871,7.3527,6.4305,50.6512,60.8781,1
15552,121.1233,50.6328,3.4752,0.3504,0.1822,-56.5334,-89.1491,43.6567,31.139,368.2216,1
14114,15.1409,7.59,2.4728,0.6516,0.4086,11.2603,15.7032,2.0275,28.71,230.05,1
16931,14.9725,11.0461,2.4952,0.5686,0.3141,11.9146,26.4058,-11.5537,4.1304,179.3368,1
17274,82.6957,14.9488,3.1826,0.2069,0.1061,-45.1604,36.1808,12.8535,65.25,173.01,1
18075,20.575,4.6982,2.0837,0.7266,0.4468,11.149,-9.4999,-9.5461,32.0593,234.2099,1
17563,47.1049,11.2182,2.6246,0.3341,0.1915,2.5201,15.7807,-1.7044,70.5317,58.9963,1
15963,28.6404,19.121,2.781,0.3543,0.2078,25.9066,18.6593,4.2748,2.5401,145.927,1
18931,57.7031,17.9759,2.5569,0.2857,0.154,-11.0854,-55.4716,-14.2632,65.006,190.694,1
14695,25.0966,9.6939,2.5885,0.6108,0.4682,26.6969,14.9191,-6.1255,30.7288,117.6345,1
14633,74.0969,39.6845,2.9659,0.4673,0.2558,-59.2,-60.4726,-20.5402,7.924,270.783,1
14997,42.3216,17.0519,2.7316,0.3994,0.257,64.2798,19.6252,-17.3291,74.1519,151.5223,1
16568,30.7608,17.8241,2.7059,0.3622,0.2037,26.5204,-7.4183,18.2921,40.4061,229.209,1
18668,106.633,17.3276,3.2084,0.2574,0.1321,22.5895,61.3237,17.7452,12.15,310.688,1
17604,70.2044,13.8444,3.0624,0.2165,0.1087,-7.9688,-20.6338,4.3559,58.2394,174.857,1
14044,27.3838,10.6979,2.6593,0.4466,0.2267,18.3774,1.7313,-1.1545,36.9013,117.5229,1
14964,107.547,21.5764,2.8448,0.3188,0.1694,51.8313,38.5643,14.6639,12.9259,114.517,1
18214,19.4733,11.8091,2.5792,0.5744,0.3096,-1.8261,12.4254,6.1723,78.876,129.37,1
12743,33.8967,6.7047,2.5784,0.4375,0.2171,63.6147,28.5768,5.2084,7.2252,251.7303,1
16940,101.9251,74.4911,3.0479,0.1488,0.0852,-99.4857,-94.8429,-89.9773,1.8264,217.6671,1
13112,17.8481,10.5084,2.3927,0.6275,0.3381,-21.4824,-10.9999,5.5515,10.016,109.651,1
18925,29.8,16.3967,2.3847,0.5072,0.3031,26.8663,26.4139,4.82,60.757,234.413,1
12558,52.8873,21.6376,3.0466,0.3457,0.1903,35.5261,46.9113,-6.1959,88.7428,167.667,1
12511,13.0046,10.9848,2.1189,0.7529,0.4525,-14.1025,6.2012,9.7395,70.6543,175.459,1
15596,94.121,17.1116,3.2054,0.2423,0.1022,-144.6704,67.6891,17.7171,3.8489,174.0073,1
14846,185.451,60.9507,3.8922,0.0586,0.0301,-101.691,-186.171,-21.0278,20.877,84.4044,1
14025,29.4301,15.8254,2.7223,0.4072,0.2082,34.3167,31.2613,-4.6801,0.9533,221.9073,1
15261,13.2519,10.7242,2.2889,0.7815,0.4139,14.6456,2.5132,11.8198,21.265,197.845,1
14079,58.0731,17.7728,2.7551,0.464,0.268,-67.8974,23.8663,-9.7343,67.9393,192.844,1
18445,125.278,39.8098,3.0179,0.2946,0.1627,73.9883,136.223,37.5513,50.4921,286.965,1
15700,41.658,14.2577,2.5695,0.3673,0.2081,4.1599,38.6242,8.0686,51.8428,228.2805,1
17412,184.5624,45.8357,3.1955,0.3381,0.1972,-98.3537,-184.0151,30.1335,31.0807,313.2693,1
16974,16.7528,14.3809,2.288,0.635,0.362,5.7255,1.4854,7.6249,17.8318,193.8342,1
13272,180.9538,51.4932,3.5246,0.1272,0.06,78.761,98.1494,-38.3703,11.915,130.982,1
18847,41.8902,19.1267,2.912,0.3491,0.1929,58.3412,-9.5757,9.5459,42.689,168.732,1
16542,214.4246,25.0263,2.8975,0.2188,0.1527,155.2837,217.624,14.211,18.6414,110.4345,1
14064,79.5533,45.0886,3.3111,0.1343,0.0672,16.3826,-76.7387,28.7473,25.4271,179.413,1
13335,23.0836,10.7517,2.4588,0.5604,0.2957,-10.5491,23.0647,3.8881,84.3428,177.936,1
15593,36.2613,26.331,2.8045,0.3765,0.2173,23.9894,37.0355,28.4711,43.694,217.887,1
14330,19.7752,11.7143,2.5838,0.5737,0.3377,19.4423,14.2667,7.5062,74.0078,177.452,1
13680,74.4723,16.3375,2.5695,0.4898,0.2777,-58.356,-83.8889,-17.3587,84.6412,120.3313,1
15303,74.3058,10.8371,3.0143,0.239,0.1243,-27.2986,28.3482,9.5231,17.416,212.865,1
14472,22.4056,18.9902,2.7427,0.3345,0.1673,26.1587,17.9934,10.7812,71.429,109.319,1
15008,48.3215,6.8523,2.8283,0.4291,0.2606,-3.9211,27.5251,3.1195,56.2381,185.012,1
16945,68.6857,21.2554,2.7924,0.1968,0.0992,-54.1573,26.0299,-14.0405,22.884,246.883,1
18946,223.3749,62.8629,3.2057,0.2011,0.1496,-236.044,-161.2892,-45.6921,73.0226,280.9125,1
13110,69.8391,33.2876,2.7741,0.3329,0.1968,62.0212,41.4977,15.1292,8.1046,96.654,1
17014,135.6823,44.417,3.4271,0.2636,0.2025,-158.4877,80.6689,-27.1948,57.7513,199.0899,1
16918,79.0866,19.0213,2.6585,0.4338,0.2562,-44.8502,-58.78,-8.4784,25.4623,308.0689,1
15332,31.6903,12.4005,2.595,0.5196,0.2716,16.7129,11.6783,-4.8698,80.1735,201.3235,1
16300,68.6774,26.6616,2.9576,0.3958,0.199,-77.7625,-54.3004,-13.5594,0.9243,342.053,1
19008,133.495,40.1631,3.305,0.1169,0.0602,84.1711,-81.3323,-31.0503,28.1458,319.373,1
17180,34.3887,9.6824,2.6201,0.4197,0.2362,-31.4075,17.5025,-4.9548,17.236,223.689,1
14765,12.9541,11.0593,2.1599,0.7405,0.4533,-14.1657,7.064,-8.049,62.6258,176.496,1
15578,41.8538,6.4777,2.8021,0.3845,0.2267,60.5327,29.181,-13.987,72.9529,220.3638,1
12840,23.5442,12.3195,2.3747,0.443,0.2426,-8.9309,-11.4544,-4.0241,87.491,39.6051,1
12979,60.9884,13.5134,2.4306,0.5492,0.3135,55.9823,54.3714,-15.2843,41.8421,99.6833,1
12701,32.6417,13.4912,2.7948,0.4282,0.2285,32.1499,-17.2488,-4.8722,69.174,165.988,1
13352,21.539,10.9515,2.1399,0.5435,0.279,-13.733,-18.4413,8.682,28.4753,161.373,1
13262,35.5573,7.9008,2.6849,0.4287,0.2366,-16.8049,17.2613,-1.191,74.8965,89.7345,1
13809,61.6736,35.0896,3.1659,0.3031,0.1594,-5.9663,34.4763,-21.4243,17.1635,334.8951,1
14686,88.4421,18.0686,3.2521,0.2754,0.1641,63.4411,73.5904,-13.2573,2.1049,228.522,1
16777,67.5712,35.4825,3.5996,0.171,0.1145,38.0437,66.2577,-9.5843,59.9649,264.926,1
17408,42.0829,11.5649,2.866,0.3921,0.2457,16.5901,36.3378,-8.451,18.539,239.752,1
14522,227.184,22.5405,2.9325,0.4474,0.3102,-264.034,135.869,9.4616,48.219,265.238,1
12851,11.152,6.9539,2.4942,0.6461,0.3654,15.8527,14.4916,-4.4147,62.037,129.9786,1
17978,13.146,10.549,2.1861,0.7818,0.4788,-13.3894,-4.7839,10.6094,15.9662,142.35,1
18815,19.6388,9.8178,2.2068,0.5714,0.2888,25.8192,4.2684,-2.2875,13.0905,133.208,1
14720,180.692,56.3602,4.1013,0.0459,0.0244,-147.411,-108.561,24.3209,89.9798,231.756,1
13720,60.5877,13.0235,2.9501,0.36,0.1894,31.9826,50.8445,10.7723,0.6164,280.607,1
16033,58.4337,5.2287,2.9325,0.3411,0.1863,-80.6225,-27.9946,8.6125,41.862,114.123,1
15082,64.219,23.7924,3.0346,0.1754,0.0937,-57.6912,-49.5958,-8.3084,6.665,122.949,1
14927,50.6729,25.5368,3.0763,0.1839,0.126,7.0156,20.9158,-9.8045,57.7969,243.1062,1
17293,124.4561,25.3229,3.3427,0.1508,0.0736,68.506,68.1273,28.0317,57.5178,237.2386,1
12874,30.7317,17.3823,2.8119,0.3547,0.1812,27.222,24.8581,-13.3429,27.9949,155.017,1
18402,71.6908,18.707,2.5066,0.3956,0.193,-100.1959,47.0353,-16.3946,54.6369,225.6479,1
14732,233.1126,63.385,3.852,0.1121,0.0583,-191.9953,-267.005,-54.4777,33.7212,316.122,1
18791,18.9718,9.1695,2.5369,0.6263,0.331,-18.1494,-10.4171,-1.7737,79.1202,175.8149,1
16317,24.8831,12.3282,2.4132,0.4893,0.2782,29.306,15.2402,-3.1753,87.4535,174.1535,1
18109,238.202,95.1143,4.5848,0.0383,0.0199,-209.673,-142.109,-81.5795,88.1881,286.833,1
14596,106.719,24.0228,3.1962,0.2705,0.1607,-68.5882,-31.2941,17.1777,6.2451,294.103,1
16955,287.7708,35.2639,2.8964,0.3985,0.2743,-363.3382,199.2069,17.0406,24.9144,130.3047,1
18173,109.083,26.6171,2.9325,0.2664,0.1489,115.401,-68.3201,20.525,35.8313,122.277,1
18377,70.805,11.3047,3.0233,0.2986,0.1863,25.425,47.0624,8.3039,19.4683,188.302,1
16953,32.6604,7.1437,2.4479,0.5847,0.4153,-15.2184,-27.1046,6.3228,86.9062,124.226,1
17444,85.7777,23.85,2.7803,0.4615,0.2803,-17.2767,-106.5174,-10.2017,26.992,206.0471,1
16403,23.2237,11.7907,2.2706,0.6096,0.3218,4.822,36.9671,2.544,42.213,174.0579,1
16515,38.1486,8.632,2.5774,0.4448,0.2742,20.9577,25.1428,-13.8307,42.457,233.9802,1
17731,199.202,39.0903,3.1102,0.2731,0.1765,-181.6276,-178.5816,-17.6091,30.2934,202.944,1
14324,173.8034,120.502,3.2411,0.2114,0.1236,-235.3878,-122.8551,-48.6002,47.9885,247.0455,1
12458,297.1239,111.0237,4.0798,0.0928,0.0429,-291.9184,-269.2064,87.1154,41.3357,232.9571,1
15541,79.7511,26.878,3.0838,0.3294,0.1617,18.1773,31.0505,-25.9119,2.4255,341.9248,1
18598,15.963,9.1221,2.3641,0.8621,0.5093,13.317,-1.317,-5.5081,43.271,208.3608,1
15703,53.4968,11.4443,2.9143,0.3788,0.1955,6.0254,43.7832,9.6982,15.409,217.087,1
12419,154.583,46.0362,3.0382,0.2253,0.1204,78.1719,169.773,11.9243,56.935,200.131,1
16686,67.7065,19.3835,2.8491,0.4572,0.2923,-2.9579,-51.6782,-10.6018,51.748,322.295,1
16308,32.9045,9.7782,2.2836,0.5119,0.2676,32.59,18.2646,-11.5326,81.3208,167.8863,1
15232,121.611,23.0402,2.7612,0.3449,0.1724,-158.147,69.0576,15.8381,7.3206,332.922,1
14961,24.6793,18.832,2.7917,0.3522,0.1834,22.8132,19.4437,-13.2446,80.6523,104.099,1
13757,17.7926,11.619,2.5139,0.6003,0.4364,-0.0457,-8.0966,11.1834,40.877,221.105,1
18290,26.6952,12.7915,2.6848,0.5186,0.3357,14.2014,25.9448,8.3811,53.1794,185.215,1
16013,28.0997,8.6496,2.8038,0.5703,0.3244,7.2847,21.4257,9.6579,8.2367,217.871,1
16395,268.384,28.4885,3.3417,0.1011,0.0549,-381.734,142.104,-11.1603,1.607,95.3574,1
19009,39.5223,18.6327,2.8341,0.2462,0.1414,24.1819,23.219,-12.9245,46.268,187.097,1
18430,160.265,40.1667,2.9848,0.1916,0.0979,196.946,-122.698,-37.5659,39.554,152.981,1
18786,45.8725,18.032,2.6481,0.3665,0.1836,32.7409,62.5241,-3.4762,79.8092,177.9305,1
13503,19.7452,12.6244,2.4191,0.5181,0.2724,-17.0574,-12.5602,6.6642,86.9934,68.2801,1
17022,19.5635,12.4885,2.4882,0.447,0.2878,10.5101,6.5262,-16.8556,13.0329,154.5766,1
13205,242.091,105.708,4.6579,0.0348,0.0175,-218.465,-180.16,-52.6847,67.9337,243.077,1
18664,62.0678,17.213,2.8217,0.2763,0.1714,-32.4158,-7.2483,1.6304,6.8034,173.7192,1
15725,32.7243,11.9393,2.6325,0.4266,0.2692,20.0343,25.9423,11.1904,54.5812,107.905,1
16016,174.257,41.9042,3.4632,0.1408,0.0793,-205.994,-80.0821,36.5045,34.5846,261.822,1
17844,106.456,83.5168,4.0233,0.1101,0.0573,-102.783,-73.8359,47.3775,67.316,365.016,1
17101,34.0579,8.9101,2.5944,0.4377,0.2379,-2.6125,10.2437,-5.3386,82.3116,243.986,1
18521,37.2552,16.6907,2.43,0.3448,0.1874,-41.1337,-11.0278,6.478,84.5037,145.1456,1
15948,33.3877,15.0465,2.3865,0.4065,0.2512,13.2927,-12.1814,-2.9696,66.4296,179.5712,1
15724,120.855,42.7804,3.1316,0.1263,0.0683,-42.4223,-144.197,10.6316,61.33,42.215,1
15537,26.6759,8.0837,2.5459,0.6145,0.4168,3.0689,23.8389,10.232,4.3881,140.235,1
13206,127.894,85.1507,4.0728,0.1072,0.0547,5.8147,-131.192,45.9669,14.8284,357.872,1
14647,25.801,21.5157,2.6187,0.3049,0.1519,16.8513,13.8349,-14.1239,29.4336,142.0574,1
16080,76.0088,21.9286,2.7563,0.3418,0.2235,-96.0812,46.8498,19.7885,42.611,210.972,1
14373,89.3503,32.601,3.3096,0.1941,0.1001,-60.2659,-44.0796,5.6405,77.8166,256.5115,1
15050,79.0402,22.2641,2.8467,0.34,0.1855,-96.35,-59.3983,4.8192,5.2436,229.5046,1
15018,258.7196,188.8866,3.5198,0.0865,0.0535,328.7287,42.4851,122.2904,75.4253,135.2064,1
12642,65.9726,40.4145,3.4188,0.2489,0.1368,5.9293,-72.1374,29.005,18.0434,376.4744,1
17512,75.888,32.9711,3.2363,0.1428,0.0746,-124.168,36.3425,17.9669,43.3579,205.602,1
12847,35.4138,16.601,2.4661,0.3829,0.2103,49.0743,7.2535,-12.5486,4.75,229.41,1
16943,129.138,20.4463,2.9523,0.3984,0.2271,-149.605,36.0174,15.9074,11.718,331.26,1
18694,48.0197,13.5927,2.8152,0.3045,0.163,21.0809,33.6538,7.3235,32.779,189.51,1
18935,173.783,51.8152,3.1967,0.2899,0.1898,-150.993,-135.753,37.6977,39.5881,235.565,1
16031,122.657,72.5942,4.1544,0.0732,0.0368,-70.3677,76.1215,-44.8267,27.926,260.481,1
13610,16.2957,9.4793,2.5296,0.6223,0.3386,0.262,-9.6089,9.1627,40.3177,112.2304,1
14495,30.6918,12.6259,2.5862,0.5665,0.3249,-8.1345,-17.6811,12.4427,22.6442,194.3028,1
13588,53.4514,39.2208,3.2266,0.1583,0.0979,1.6107,-54.8529,22.3677,28.6929,159.4686,1
14189,13.2962,10.0478,2.2844,0.8104,0.5013,-12.8344,-7.4811,-11.0855,30.9608,225.772,1
18667,119.2612,88.7506,4.2007,0.0869,0.0393,-145.2984,89.044,74.6771,25.7092,336.6687,1
13363,24.424,9.2825,2.4734,0.7387,0.6224,11.1066,-9.3485,-2.9965,48.3799,161.8753,1
15923,124.497,71.6435,3.6063,0.0745,0.0387,-78.8325,-62.6969,34.3564,47.6645,176.671,1
16760,47.1809,36.1063,3.3876,0.1752,0.0863,22.0595,45.9605,11.9238,4.5803,246.882,1
16946,25.5468,9.4973,2.4322,0.5434,0.2976,7.2206,-6.477,2.7766,63.086,243.501,1
17152,62.1966,39.1505,3.2655,0.1536,0.0795,-67.5718,45.3843,-36.4981,1.945,269.637,1
15714,37.2741,10.2834,2.636,0.3884,0.1977,20.9504,24.233,7.5941,56.033,169.491,1
17576,138.701,71.5139,3.9051,0.069,0.0353,43.5917,-109.727,57.1269,65.301,132.324,1
16067,39.5056,12.0449,2.7835,0.4,0.2296,45.089,24.4368,9.1508,16.7893,207.265,1
15129,56.9366,10.2765,2.6774,0.3516,0.2034,30.2751,45.1287,-1.2219,53.2187,262.199,1
18734,40.9114,11.8167,2.6528,0.4892,0.3062,7.0176,35.4742,5.3901,9.9994,117.8781,1
16288,103.92,67.5348,4.0748,0.1339,0.0693,-107.791,-73.643,-22.9568,16.946,372.675,1
14098,17.323,10.9981,2.3096,0.5833,0.3407,1.1613,-5.9612,6.5009,31.882,247.663,1
13506,95.2551,29.3494,3.5036,0.1622,0.086,67.6239,84.4564,-26.3234,11.6527,134.1558,1
17199,65.5206,37.5868,3.2052,0.159,0.0814,4.3072,-45.6124,36.8138,61.024,193.279,1
17960,108.809,52.8057,3.7627,0.1408,0.078,-107.562,-68.5174,30.9203,24.549,286.502,1
18467,25.9462,5.9566,2.4583,0.8442,0.4677,-19.2082,5.6947,-7.4305,14.9896,145.4616,1
18992,169.0402,35.3614,3.2894,0.3349,0.1986,-162.2329,70.4636,-9.7764,48.5542,326.2363,1
13310,227.071,68.9698,3.2999,0.219,0.1276,-232.513,-169.42,-48.9747,75.756,286.85,1
12339,19.7907,19.353,2.646,0.5332,0.2678,14.7705,4.8395,-9.4805,80.0427,63.7561,1
13871,28.9049,9.6706,2.5397,0.5253,0.2785,-12.7372,-21.8162,-4.6586,34.599,220.209,1
18187,24.9571,8.7742,2.6133,0.5725,0.3715,13.4743,7.7959,-4.474,83.5747,173.35,1
14181,13.0559,10.513,2.2443,0.7749,0.4986,12.9706,4.7756,-9.2585,11.534,209.103,1
18757,26.838,18.8744,2.6392,0.455,0.2968,-8.8152,32.569,-8.5199,42.4304,145.053,1
18385,79.4345,11.5257,3.1433,0.2408,0.1219,33.5341,39.966,-10.3594,15.9883,160.674,1
17421,17.4193,8.0879,2.4728,0.7508,0.5774,-1.0364,10.7335,9.1531,39.6144,193.862,1
16688,221.7522,138.8445,3.4021,0.1322,0.035,-76.8735,118.7451,125.1524,54.683,39.9043,1
14466,149.445,87.2517,4.6444,0.0356,0.0179,-174.339,-114.413,69.7288,44.0915,242.466,1
16912,59.8575,13.9464,2.5885,0.3356,0.1836,-79.1772,-29.7511,7.3625,73.0876,50.7325,1
15919,34.4133,9.8594,2.7627,0.4974,0.2617,32.5521,25.1394,8.6112,62.831,223.964,1
13816,26.9141,5.1737,2.582,0.6229,0.3831,-14.3204,24.3284,9.7198,35.5914,92.2735,1
16457,21.0502,7.5678,2.5478,0.5659,0.2794,-37.3213,8.6044,-9.6446,51.3267,209.2636,1
14583,62.2061,34.732,3.0828,0.1967,0.1012,-58.3155,37.3336,12.9837,29.492,271.638,1
15867,53.4534,25.4135,3.0905,0.3574,0.2098,53.3382,38.388,20.1652,82.2188,225.1206,1
14216,82.5169,39.4253,2.9152,0.3973,0.1938,-79.0621,-95.6843,-17.4059,12.1667,419.4727,1
16656,14.7912,11.7955,2.3075,0.6749,0.4557,1.3533,4.7675,-9.0611,62.25,62.5245,1
13422,30.5856,12.5488,2.708,0.4133,0.2145,-3.378,22.9617,9.5028,11.6998,213.767,1
16082,141.116,91.1161,4.3983,0.0689,0.0369,51.6487,-39.22,-56.5658,87.1467,378.702,1
13775,41.1311,11.8766,2.9079,0.3387,0.1749,12.5308,15.5827,-6.2717,74.6525,83.9431,1
13056,28.6554,11.0856,2.5944,0.4478,0.2684,19.6967,-15.6794,-10.9116,51.315,225.752,1
12681,31.6675,5.7114,2.3192,0.7744,0.5102,16.3071,25.3384,-3.8923,5.2978,149.2918,1
14408,78.4298,41.9392,3.0871,0.1874,0.0978,-84.9542,-62.6607,-14.4169,10.5036,206.881,1
16572,141.71,32.7866,2.7408,0.4378,0.3243,61.3214,150.58,-30.5078,37.9397,65.5481,1
18748,19.3336,12.313,2.5838,0.5789,0.296,4.669,-14.7105,-8.3488,56.5272,132.0,1
14427,258.9368,65.6344,4.1745,0.0895,0.0265,-291.9564,-232.5622,42.2425,48.3402,211.3593,1
12955,95.8843,23.7653,2.8139,0.3162,0.2018,95.1811,64.2982,-20.3877,65.137,153.985,1
14960,22.4755,17.3344,2.6106,0.3736,0.2126,-27.598,19.4539,3.1056,23.8599,229.4376,1
14955,90.7728,83.2654,3.7381,0.2544,0.1273,-111.0886,-96.7941,-40.2964,12.4989,466.4078,1
17624,32.9499,12.5784,2.7443,0.4583,0.2948,31.8076,22.0003,11.6583,41.9699,198.3992,1
15709,24.3764,14.584,2.8487,0.5117,0.305,9.7548,-11.7233,-7.6942,5.6969,208.7264,1
18714,48.1283,18.5833,2.7828,0.3474,0.2407,-51.7059,-39.3737,10.2004,41.2224,91.6196,1
18966,127.307,68.1682,3.0414,0.3273,0.2205,-118.288,-100.91,56.5593,34.169,280.053,1
18071,127.332,33.2566,2.8627,0.3018,0.1571,84.1116,134.867,-25.2309,82.0656,80.414,1
16384,22.3151,13.4009,2.5431,0.5866,0.3209,0.3115,-9.8189,-14.0047,56.8004,135.8061,1
18406,75.7741,34.3175,3.3094,0.1148,0.081,103.6556,50.342,26.4572,61.4041,217.7622,1
15791,174.7357,33.295,2.6982,0.486,0.2257,-134.5689,-173.9663,-22.9621,32.8116,351.4009,1
18888,131.864,77.8131,3.1889,0.3346,0.2049,-47.9904,-176.335,-60.0489,85.081,271.402,1
13906,109.1565,18.2065,3.3285,0.1588,0.1084,-94.8638,46.7544,13.4866,59.091,130.6783,1
17069,111.7246,56.7521,3.1875,0.1608,0.0843,129.8734,61.8305,10.5023,30.6901,148.4478,1
15754,29.3655,10.6451,2.4775,0.5091,0.2898,-11.4265,27.2228,-6.9228,46.1961,105.0983,1
12337,215.323,67.8238,3.4396,0.1363,0.0725,298.614,-95.0773,-57.2209,76.924,243.064,1
17386,132.299,31.2872,3.1882,0.1925,0.1066,45.115,168.544,-15.8673,7.886,22.5724,1
13978,52.3043,29.4023,2.9126,0.2041,0.1041,7.9521,36.514,-18.0689,76.2366,232.2801,1
16374,113.272,20.0224,2.6048,0.4696,0.2497,89.5294,87.7489,9.0946,42.59,234.418,1
13834,86.8255,18.0755,3.2215,0.1861,0.1024,51.6372,37.0164,-4.8807,87.3897,222.152,1
17033,196.471,33.3466,3.032,0.2387,0.1491,-178.547,-95.24,-29.7092,25.071,171.562,1
16068,135.917,110.86,3.284,0.1238,0.0632,-117.032,100.5,-91.7792,61.485,202.202,1
12846,29.1819,8.9596,2.5486,0.5994,0.3376,16.3719,14.6698,-4.0194,65.0487,91.7521,1
15517,109.9647,28.4764,3.1441,0.277,0.1557,25.396,113.678,26.7216,75.4533,259.1904,1
15214,129.5264,32.9089,2.9308,0.3107,0.1603,84.324,129.0292,-29.6836,83.88,74.7435,1
13591,166.479,121.389,3.4654,0.1045,0.0567,350.69,-180.63,-84.4894,20.1748,109.639,1
13507,12.4392,5.6744,2.0996,0.6956,0.406,34.8874,7.2711,9.9009,8.4374,205.3319,1
12682,19.9465,11.8242,2.6196,0.569,0.3589,18.3571,15.2025,8.1761,7.385,184.064,1
18348,192.673,94.1413,3.3996,0.1992,0.0998,-176.854,-181.038,117.31,15.79,273.75,1
12742,23.8371,13.8984,2.5353,0.5102,0.258,14.0438,8.8619,14.167,53.595,178.355,1
15464,26.694,9.5367,2.3375,0.5563,0.3885,5.3922,20.5388,-6.1469,84.8213,28.173,1
14843,44.5592,13.8983,2.9052,0.38,0.206,15.6278,26.3018,-7.3673,67.4627,135.1313,1
16604,30.818,15.4767,2.5944,0.3766,0.215,19.8195,19.2748,11.8852,38.123,199.145,1
15504,95.0046,17.7399,3.1708,0.2321,0.1326,13.7372,35.3484,-18.8752,23.5512,204.824,1
18315,131.9946,103.7316,3.4031,0.0938,0.0632,-13.1431,-64.1662,93.7951,56.1828,163.8194,1
14516,28.2452,7.4431,2.4609,0.5848,0.3581,11.1731,10.0138,-4.6976,76.566,83.9864,1
12698,94.1081,32.3064,2.6212,0.4139,0.2309,-35.0096,-108.817,23.4171,22.5311,103.659,1
13060,164.691,119.621,4.5312,0.0351,0.0178,41.6029,-145.252,-82.6112,14.9677,172.842,1
15375,37.1028,16.6473,2.4735,0.4168,0.2269,-3.5985,31.1018,-11.808,71.6362,80.1942,1
15821,21.1726,8.1638,2.6635,0.4751,0.2876,-17.6064,-10.6521,9.2884,68.8752,78.8684,1
13579,14.6728,11.1242,2.3157,0.6285,0.3164,-21.2845,-5.0364,4.9267,83.1264,244.8363,1
17977,171.859,113.4542,4.8376,0.0517,0.0076,35.4842,-85.1029,52.2648,74.9744,63.6026,1
12541,111.683,19.3573,2.8299,0.5133,0.3602,-80.4632,-83.6293,19.5224,40.024,328.991,1
13791,51.9117,12.0387,2.955,0.3505,0.2135,12.5358,32.4856,8.8934,49.227,152.123,1
15967,37.3442,6.4684,2.4016,0.4303,0.2259,44.0179,-32.3971,-7.391,58.6265,164.237,1
18495,211.225,33.6703,3.8115,0.0542,0.0279,-244.366,-208.36,20.3821,49.983,139.023,1
13968,127.244,27.7107,3.3516,0.2185,0.1239,-157.148,-44.9143,18.9351,44.96,300.746,1
16409,124.736,57.3881,3.0288,0.2461,0.1268,-88.6169,-125.873,-34.9729,0.618,393.55,1
16137,18.809,11.1305,2.5496,0.6037,0.4245,0.5645,-3.0608,11.8176,75.574,222.591,1
14507,23.1189,13.9953,2.6096,0.4619,0.2445,0.6435,-20.3149,4.5768,52.753,115.739,1
14056,35.4294,13.4355,2.7275,0.4476,0.2519,38.1468,20.8175,7.863,31.449,130.19,1
15106,23.8951,22.4777,2.6928,0.4239,0.2181,5.4364,-14.5049,-12.9511,79.7671,120.928,1
12553,184.2529,54.3154,3.7752,0.1331,0.0823,-239.5869,142.6303,-42.6447,65.069,300.5053,1
17375,28.5649,14.5312,2.5551,0.4345,0.2354,-11.1828,-14.3936,-11.9782,50.1338,130.194,1
14105,101.8251,81.8365,3.2366,0.1523,0.0734,-56.1034,-123.5201,51.0711,34.8074,184.7824,1
15953,171.115,41.1314,3.6886,0.0922,0.0618,-219.634,-148.374,-42.1235,79.146,191.177,1
18120,123.7683,90.9751,3.7272,0.0926,0.0389,1.2981,-35.78,70.774,43.2641,113.1712,1
13949,23.4666,15.4531,2.6924,0.4183,0.2447,-8.7336,-8.9713,-10.9715,61.1034,108.626,1
18759,27.1438,13.546,2.6527,0.5273,0.3415,26.0086,26.5492,6.8763,16.3242,241.214,1
16862,48.5075,34.0415,2.9325,0.3084,0.163,7.6921,-44.8226,-18.737,85.6365,134.393,1
15341,33.456,30.5016,2.8633,0.4384,0.2664,29.8716,24.8192,-9.6527,67.25,179.527,1
17384,25.731,7.547,2.7485,0.494,0.294,15.9049,12.1196,1.2232,49.5059,94.4904,1
12856,59.5052,29.3006,3.0116,0.3989,0.2258,16.9992,-45.7282,-14.3798,31.747,425.5181,1
16387,79.1072,33.3437,3.051,0.2454,0.1312,54.2248,76.2679,16.728,21.6826,122.771,1
16720,55.7126,12.7398,2.9406,0.2687,0.1597,-17.0784,-21.365,-6.4121,51.6743,85.4303,1
14084,59.0366,29.638,2.8663,0.3116,0.1939,-87.4464,39.6096,15.6997,32.414,291.66,1
14060,21.005,15.8291,2.6803,0.5846,0.3476,-3.0731,-17.0987,-14.1692,6.6575,153.006,1
14852,13.4821,10.1232,2.2109,0.8123,0.4462,-14.1232,-5.7474,-11.7467,61.26,222.625,1
14188,16.6377,7.7951,2.3761,0.6178,0.387,11.7171,-12.7069,-8.8984,44.6803,114.007,1
17577,36.8982,17.8886,2.8039,0.2514,0.1378,-24.2767,-22.5835,-11.9913,73.3871,213.9346,1
16432,94.2957,77.9859,3.8505,0.1521,0.0811,-63.6886,25.2362,42.6952,44.223,409.048,1
15624,29.1553,20.7816,2.6309,0.4117,0.2164,16.5963,27.0022,-13.5072,56.541,103.243,1
13344,37.4215,12.4882,2.5705,0.4758,0.2567,24.6436,20.7569,-10.0161,21.0904,173.97,1
14172,46.7594,19.4497,2.4288,0.3638,0.2085,1.0685,-16.122,-5.7361,60.4994,76.4276,1
12823,43.6872,20.4355,2.572,0.4295,0.2482,-50.1245,34.2563,13.7322,71.4563,158.894,1
17142,85.8964,14.4244,2.6696,0.6694,0.4873,-57.7664,-80.4154,-16.75,22.4597,322.9645,1
17242,23.0957,17.2973,2.5315,0.4002,0.2217,-37.4065,-11.6192,-12.7428,69.3006,156.1766,1
14201,23.8094,15.5833,2.6808,0.4567,0.2284,22.8672,-18.5736,-13.0641,45.578,245.804,1
16120,51.4249,11.1595,2.9574,0.3331,0.2002,57.3095,30.2313,8.6606,18.0023,220.214,1
14594,61.7253,12.2585,2.4734,0.4064,0.2542,-31.2105,-38.9283,-11.924,17.7747,165.2116,1
17403,44.975,19.5491,3.1449,0.2385,0.1357,27.2114,38.7322,14.0529,52.673,257.642,1
14089,164.224,60.1525,3.5241,0.1367,0.0692,125.489,127.448,28.3232,44.2156,269.01,1
17326,159.0142,92.2572,3.3439,0.2028,0.1361,209.7211,-70.7409,77.5179,63.5359,326.1471,1
14289,52.0771,21.9372,2.7497,0.3434,0.1753,34.4552,-27.9491,-19.0149,87.7374,147.016,1
17071,19.4286,13.2036,2.3494,0.3729,0.2192,-2.4983,-8.9053,11.7295,32.1315,126.9373,1
15899,94.5228,37.9375,2.944,0.2503,0.1564,38.7863,65.5511,-26.0649,72.0735,150.495,1
16859,25.9699,10.1946,2.4471,0.5461,0.3449,7.9383,26.875,-8.3163,19.9874,177.1551,1
12415,36.1991,0.7291,2.0783,0.7007,0.3782,-25.4511,-17.9863,-0.7753,9.5051,135.8077,1
18488,22.8962,8.6891,2.6453,0.5457,0.4265,13.1812,25.2332,-1.7451,40.9458,99.6347,1
17542,178.8033,27.8186,2.8557,0.2507,0.1362,-127.0488,-157.9557,11.3951,53.59,162.059,1
15744,15.0914,12.6878,2.5905,0.6985,0.3668,-14.8798,19.6686,8.016,42.7974,128.2509,1
17302,80.1738,57.3847,3.2743,0.1601,0.0853,104.84,48.6703,-46.7597,29.038,254.302,1
13760,75.8509,13.6915,3.0963,0.3277,0.2201,-17.5876,65.2814,5.4779,13.2984,323.6263,1
14635,31.015,16.0174,2.6112,0.448,0.2313,-24.8442,-18.22,9.7083,54.566,237.123,1
18857,22.7565,7.9735,2.4886,0.6883,0.3555,27.0813,8.5059,9.7806,88.0601,75.8044,1
18093,169.378,110.05,3.5601,0.1815,0.0935,-97.6401,85.5289,-74.4955,84.3716,349.336,1
18647,86.9716,28.3568,2.9775,0.2344,0.1538,-69.4579,-62.6945,21.712,24.9483,242.9762,1
17102,50.9887,9.8606,2.8549,0.3352,0.2046,21.0265,31.7074,-6.2376,9.8156,202.939,1
18147,129.525,21.2913,2.8503,0.3275,0.1898,141.009,116.449,-10.9204,82.4796,214.862,1
16378,64.8094,30.1755,3.2292,0.3136,0.2251,-76.8601,-38.6044,-13.6838,32.7431,278.4021,1
16297,22.9026,20.599,2.8038,0.3975,0.2364,0.3357,-9.782,-21.4452,39.788,187.344,1
14047,18.3486,12.6965,2.5484,0.5714,0.3182,-3.2207,11.7192,-9.0724,1.6196,253.182,1
14762,65.7635,19.7758,2.679,0.3707,0.2126,-86.8678,46.0977,-16.4593,47.095,102.318,1
13792,36.9222,24.8825,2.4162,0.395,0.2398,11.574,36.5334,7.7639,40.404,124.2763,1
14705,21.386,13.6561,2.5682,0.5541,0.3662,-12.8325,-14.7031,12.0507,10.142,146.354,1
13055,120.2285,73.8126,3.2527,0.2561,0.1536,-170.5162,63.0578,56.8318,7.8807,192.4968,1
16813,103.947,52.2459,2.7193,0.4103,0.2567,-84.2643,-109.254,19.2556,16.518,276.319,1
15600,16.5577,14.0479,2.5862,0.576,0.3055,8.5469,-8.75,-13.1991,38.5063,190.8324,1
18561,34.8894,25.6879,2.8889,0.3055,0.2084,9.5518,40.5478,-21.3362,17.2847,182.3265,1
17091,155.0248,47.3178,3.1937,0.335,0.1755,-129.3394,-158.2666,40.241,5.5785,353.7976,1
13393,23.9775,9.17,2.5234,0.6796,0.4114,3.8862,-7.807,5.2894,57.9317,144.0445,1
15117,161.2013,28.2814,3.0104,0.2376,0.1568,-70.0901,-161.6211,-14.3785,16.9139,325.9001,1
15902,110.8912,37.3507,3.2293,0.325,0.1856,-51.9364,-103.4295,9.4337,14.9031,366.3433,1
19018,120.5135,76.9018,3.9939,0.0944,0.0683,5.8043,-93.5224,-63.8389,84.6874,408.3166,1
12579,19.9277,7.2519,2.3395,0.7643,0.3959,-3.9818,11.1709,5.0815,70.244,189.333,1
14075,45.1554,9.6212,2.8309,0.4207,0.2236,55.4898,36.8525,-5.0859,17.7436,187.33,1
16851,98.9974,36.6955,3.1504,0.2313,0.1163,-128.338,-27.0749,-28.3713,3.854,355.251,1
17494,40.1086,26.9217,2.9841,0.247,0.1245,40.6746,34.4839,-21.3225,27.9324,208.4928,1
15731,79.4333,17.3855,3.0262,0.252,0.1526,23.2432,80.0328,-18.5705,44.7425,200.8175,1
13785,57.0075,18.2729,3.0566,0.2584,0.1122,39.3169,39.7592,-16.4915,30.2986,273.6688,1
13091,33.7758,18.1018,2.7945,0.2905,0.1581,5.4566,-21.1754,-11.6431,42.878,91.3619,1
18062,93.736,45.5182,2.9242,0.3236,0.1781,-79.0201,-52.5972,43.9132,50.0594,153.4609,1
18640,43.0571,18.5468,2.6499,0.3219,0.1661,27.154,2.8882,-12.3479,7.3515,108.6069,1
12956,190.585,52.0182,3.3878,0.1801,0.0956,-113.913,-136.932,45.3605,34.157,245.866,1
13492,255.628,85.8475,3.5024,0.1585,0.0892,-329.797,142.341,-49.1842,66.556,299.144,1
16734,20.2693,10.7374,2.4757,0.6154,0.3227,-20.4134,-18.5614,-10.9732,57.08,265.408,1
18584,93.1176,56.0304,3.45,0.199,0.1292,-23.8404,42.5379,33.0975,12.7497,314.1163,1
17265,123.7507,88.0211,3.4831,0.2012,0.0985,48.1103,79.9657,-103.8981,44.4057,301.3919,1
13165,46.8533,18.5177,2.501,0.4341,0.2507,4.1388,-37.606,2.339,49.1002,109.4236,1
18297,29.7096,11.4767,2.6488,0.4669,0.2727,13.7094,26.5643,6.0009,53.6654,213.874,1
17639,14.2573,8.5572,2.4965,0.6981,0.3821,32.2644,12.9758,0.5516,60.5809,225.1769,1
17034,24.8622,10.91,2.3589,0.4989,0.2516,7.1814,19.7892,-4.7764,11.0008,153.534,1
15565,144.264,76.2978,2.9872,0.3491,0.2291,-78.9021,-128.883,-59.0729,12.0694,235.422,1
14965,36.269,28.2955,2.7586,0.2847,0.1392,-81.3588,27.0922,18.8731,19.6183,267.8709,1
18490,152.485,52.4004,3.3425,0.16,0.087,149.393,68.5252,-43.0794,80.8293,343.346,1
13470,15.2463,13.9656,2.4343,0.6239,0.3178,-40.0212,6.7776,-7.6091,88.9297,149.3363,1
18314,51.3321,37.0206,2.9061,0.2682,0.1409,40.5492,51.4662,20.0068,46.9568,263.925,1
16010,20.7517,14.927,2.4518,0.5555,0.3881,4.6303,33.2333,-12.9532,57.1232,205.1802,1
12806,34.2537,11.0576,2.7582,0.4223,0.212,30.0354,-15.498,11.3238,76.958,210.047,1
17167,96.2503,44.82,3.3839,0.0817,0.0292,-74.6218,-95.1478,43.544,17.2484,218.1069,1
15054,106.235,19.67,3.2621,0.1859,0.0976,-44.9633,53.7852,-15.6609,59.4212,119.347,1
12690,28.1352,7.2349,2.5915,0.7374,0.4156,19.8117,12.7035,6.3876,16.7591,139.6012,1
16143,50.2766,17.6431,2.9495,0.2434,0.1593,14.5178,50.2161,-8.3708,2.6069,220.793,1
17304,46.6248,24.555,3.0206,0.2766,0.1435,16.6413,35.8694,-12.46,39.6853,125.349,1
18024,38.935,10.4127,2.7202,0.4267,0.2352,23.984,29.4101,-2.6277,17.493,179.463,1
14752,20.4073,11.6349,2.2553,0.5944,0.3361,11.1089,19.6698,7.4807,21.957,119.397,1
15680,23.3055,9.8084,2.6604,0.5792,0.3115,26.8578,18.8029,3.6647,82.9071,163.873,1
15065,185.9683,46.3927,3.1614,0.2653,0.1239,-201.1309,-158.5741,36.3118,58.3464,292.5933,1
15871,23.4278,17.2986,2.6885,0.3238,0.1731,-51.7326,31.0212,16.9531,18.8023,253.4374,1
13771,24.204,10.0413,2.5978,0.5398,0.3268,26.0481,8.6357,8.0166,22.2515,96.0127,1
17113,46.2966,10.4992,2.7885,0.4475,0.2498,34.6354,39.1377,-8.4438,32.4589,185.278,1
18828,78.0948,30.7423,2.8269,0.2682,0.1613,52.8765,54.3601,20.9913,53.9914,283.0713,1
18404,17.2008,9.7948,2.5276,0.7122,0.503,-6.416,13.1378,8.7957,87.4928,170.407,1
13123,40.744,16.0635,2.8145,0.3108,0.1668,15.8622,36.5069,-6.2138,13.3971,284.7751,1
15904,40.811,9.7607,2.6412,0.4273,0.2759,24.3405,37.6193,10.0571,86.2961,232.1721,1
13706,22.3229,15.7495,2.564,0.5466,0.2528,-16.0964,-2.887,10.7363,59.8118,259.407,1
15891,117.1218,14.8371,3.0446,0.2308,0.1429,-209.657,103.3694,-17.4809,38.4564,263.0177,1
14744,29.7438,10.4525,2.49,0.5113,0.3058,35.4646,17.0366,-5.2362,85.8689,225.152,1
17365,69.7257,14.8399,3.1906,0.2659,0.1549,-82.4744,49.1708,-12.2346,22.17,303.2034,1
13477,101.4977,23.9296,3.33,0.4035,0.2244,-87.3914,-79.3729,-23.1103,3.7728,374.9569,1
13468,15.189,14.8031,2.4451,0.5498,0.2808,4.7623,22.5193,12.5042,72.0368,183.7103,1
14043,17.457,10.0896,2.7249,0.5294,0.2431,-37.4143,-1.6734,8.0505,5.0668,135.3316,1
18332,31.723,6.6559,2.6597,0.5945,0.3778,-28.267,4.5231,0.3705,75.2299,182.554,1
13163,34.6337,7.1569,2.5971,0.5613,0.2819,11.8635,27.6383,-5.0869,8.051,207.105,1
17813,94.3067,91.1296,3.8161,0.1104,0.0255,-26.3364,76.663,27.8614,49.8113,43.3309,1
13552,95.2311,73.4411,3.2662,0.1771,0.0967,51.1342,67.8079,-37.8981,56.829,144.387,1
18849,25.4719,20.6789,2.1683,0.5356,0.3184,-21.529,8.4876,-9.6268,85.9595,158.3338,1
17173,44.3799,23.5005,2.86,0.294,0.1622,-60.796,14.05,18.524,7.1191,271.519,1
17841,19.1962,7.2453,2.6031,0.7656,0.6172,13.8052,19.1667,-1.4198,29.2578,251.85,1
13722,119.6872,49.1045,3.542,0.1032,0.0488,-3.8804,-121.4758,24.9493,37.48,251.1602,1
13182,26.2027,7.1995,2.2765,0.6138,0.3201,-9.4944,-12.3954,2.6426,80.0288,173.5,1
13721,187.4254,36.4627,2.8737,0.2731,0.1458,217.9336,90.0964,-21.5542,9.0153,238.0995,1
13961,195.5007,23.1589,3.0301,0.2077,0.0977,177.7441,182.673,13.715,9.2168,69.8597,1
15020,97.279,68.7333,3.8828,0.1282,0.0695,-0.5356,-69.6596,-40.8534,25.5154,357.119,1
16055,41.6116,10.1455,2.9077,0.3871,0.2022,-41.3479,-28.2571,-7.9844,85.6838,250.143,1
14418,120.3882,67.1368,3.6905,0.1128,0.0481,-155.5746,35.3004,47.8095,3.876,289.043,1
13659,76.6839,37.4321,3.5897,0.0947,0.031,66.0484,64.6907,-10.9494,0.8318,21.1249,1
13643,23.6856,21.166,2.6959,0.3505,0.1782,27.6083,-9.1757,16.1781,50.741,223.067,1
13413,18.6742,12.4659,2.6857,0.6149,0.341,28.348,15.1398,3.2583,38.7916,230.0612,1
12507,240.462,134.084,3.5814,0.1324,0.0762,-179.144,-142.709,-132.416,26.902,138.66,1
17427,39.0647,12.8045,2.7789,0.3461,0.1955,24.346,25.7066,-9.1902,35.9843,246.042,1
16273,138.4453,57.6035,3.4958,0.2004,0.116,-94.8604,82.4288,-32.2385,11.8903,244.2201,1
15528,24.9186,11.0606,2.3953,0.5875,0.3159,-7.1973,-10.9342,11.4977,42.775,180.946,1
16286,114.792,65.8183,3.2751,0.2696,0.186,-103.525,-54.9896,-79.0757,14.3037,266.102,1
14226,138.1812,45.1787,3.2573,0.2302,0.1455,-107.7693,-87.8549,35.2729,3.3289,302.2937,1
18895,16.2619,12.1167,2.5951,0.5579,0.3602,18.9248,18.9639,-11.2498,9.3681,147.8869,1
18749,48.0573,11.0862,2.9571,0.362,0.1882,0.42,32.4358,-2.2992,26.93,165.224,1
14210,25.6694,7.9491,2.3927,0.668,0.3745,13.9514,18.2915,6.3585,41.133,184.467,1
13568,29.6864,6.5504,2.1931,0.5256,0.2724,-38.2843,-12.2981,-1.42,36.9671,136.156,1
15646,41.9097,13.1063,2.6964,0.3615,0.2174,-0.3925,-18.528,9.6738,46.6079,70.2924,1
15732,136.922,84.7161,4.1151,0.0875,0.0438,-12.7477,-146.314,68.7661,7.235,329.706,1
13106,49.7,12.3963,2.9297,0.2787,0.1452,-11.453,21.1802,-6.0053,47.2621,162.401,1
17405,134.83,31.8561,3.464,0.2387,0.1235,-37.8917,-69.0517,-26.0874,10.009,325.287,1
17993,82.0339,17.6929,3.0592,0.336,0.1715,-52.7646,64.1299,12.1437,25.7451,317.294,1
14415,21.8391,6.8034,2.2135,0.7095,0.3823,-24.6112,-9.9776,6.6066,84.4291,245.89,1
16321,130.7112,13.8452,2.6221,0.7331,0.4642,-116.4043,-101.7676,-14.345,47.0975,243.5813,1
12774,18.1313,11.7912,2.6217,0.5854,0.3883,-0.4923,-8.9053,9.3306,18.5319,222.983,1
13681,151.196,51.481,3.5463,0.1751,0.088,39.362,-42.8232,-51.2326,7.2928,275.504,1
15363,66.289,15.5237,2.9692,0.2453,0.098,-89.8677,38.0912,-20.5072,10.6781,267.7896,1
14281,101.462,17.5033,3.2062,0.2451,0.1428,-95.0549,80.2234,-7.1155,22.298,332.449,1
13593,30.3908,7.6326,2.2989,0.6533,0.3593,-35.5287,-8.7048,5.6889,53.951,236.917,1
17644,22.3628,15.4505,2.6518,0.4434,0.2737,20.138,2.0184,-12.8144,63.5531,149.4754,1
14445,9.9191,6.874,2.5262,0.6724,0.372,-7.6133,-22.6644,2.1891,54.6087,101.5057,1
14090,22.6229,11.5584,2.4935,0.5746,0.3002,12.1046,20.3062,4.6293,46.08,174.404,1
15727,58.257,29.8313,2.8918,0.2706,0.1689,43.6352,26.5849,-15.5447,47.2221,174.564,1
16181,28.7504,16.2608,2.931,0.2868,0.1806,-49.889,23.234,-8.5597,42.3618,242.5142,1
15486,32.8157,23.4818,2.73,0.3908,0.2542,7.3507,35.3646,-15.9273,52.477,189.6054,1
13320,41.9491,12.6199,2.633,0.3469,0.1944,-24.0045,-11.8263,-9.09,10.611,111.559,1
12781,12.9417,11.2148,2.2467,0.7422,0.4278,14.6566,-7.1915,-10.1873,73.397,271.258,1
17518,13.1638,5.9506,2.5699,0.6106,0.3861,-3.2545,6.3472,-6.9908,89.4946,176.5085,1
13121,59.9968,23.8181,3.0218,0.2171,0.1269,5.5473,63.1616,-12.7854,43.175,205.258,1
16213,27.9747,7.1877,2.4893,0.6321,0.3679,12.7571,18.647,9.28,55.4616,206.844,1
18046,36.2345,10.2884,2.6862,0.4737,0.31,24.8726,22.6213,7.4428,61.709,225.509,1
15071,21.8272,6.5965,2.1089,0.7315,0.4475,21.8772,14.4944,6.5678,15.2163,48.9611,1
15311,145.6048,81.255,3.6376,0.1232,0.0694,66.2417,-103.8861,-47.3822,54.4519,326.1046,1
12771,77.5051,17.5927,3.1393,0.2523,0.1141,58.2915,-43.543,-10.2897,44.3826,44.5756,1
